Project_URL,Categories,Technology,Priority
https://www.drusktradingcompany.com/,"Wholesale / B2B, Essential oils / Cooking oils / Olive oils, Website / Web App",Shopify,3
https://webgardencentre.com/,"Ecommerce , Plants / Environment / Agriculture, Product Options, Website / Web App",Shopify,5
https://microdermamitt.com/,"Ecommerce , Skin Care / Beauty, Product Options, Website / Web App",Shopify,4
https://apps.shopify.com/gatsby,"Ecommerce , Plugins / Apps / Extensions , Point of sale / POS, Rewards / Discounts / Coupons / Offers","Shopify, Engagement, Social Media",7
https://apps.shopify.com/postpop,"Ecommerce , Plugins / Apps / Extensions",Shopify,5
https://apps.shopify.com/my-envelope,"One Page Checkout, Ecommerce , Plugins / Apps / Extensions",Shopify,5
https://apps.shopify.com/us-print-factory,"Ecommerce , Plugins / Apps / Extensions , DropShipping / Logistics, Tools / Customisers / Personalisers",Shopify,6
https://apps.shopify.com/group-shop,"Ecommerce , Plugins / Apps / Extensions",Shopify,6
https://apps.shopify.com/ecom-shipping,"One Page Checkout, Ecommerce , Plugins / Apps / Extensions , DropShipping / Logistics, Online Calculators",Shopify,3
https://apps.shopify.com/returnzap,"Ecommerce , Plugins / Apps / Extensions",Shopify,7
https://apps.shopify.com/noqoody,"Ecommerce , Plugins / Apps / Extensions , Payment gateways",Shopify,5
https://apps.shopify.com/bazar-widget,"Ecommerce , Plugins / Apps / Extensions , Rewards / Discounts / Coupons / Offers, Survey",Shopify,5
https://apps.shopify.com/sizeme,"Ecommerce , Plugins / Apps / Extensions , Tools / Customisers / Personalisers",Shopify,5
https://apps.shopify.com/seo-booster-linkify,"Ecommerce , Plugins / Apps / Extensions , AI integration / OpenAI / ChatGPT","Shopify, OnPage SEO, SEO",5
https://apps.shopify.com/fraudlabs-pro-fraud-prevention,"Ecommerce , Plugins / Apps / Extensions , Online security / Fraud prevention",Shopify,5
https://apps.shopify.com/ecommerce-supply-chain,"Ecommerce , Plugins / Apps / Extensions , DropShipping / Logistics",Shopify,3
https://apps.shopify.com/efmx-app,"Ecommerce , Plugins / Apps / Extensions , DropShipping / Logistics, Website / Web App",Shopify,3
https://apps.shopify.com/quick-catalogs,"Ecommerce , Plugins / Apps / Extensions",Shopify,5
https://apps.shopify.com/hr-vegan-cosmetics-soaps,"Ecommerce , Plugins / Apps / Extensions , DropShipping / Logistics",Shopify,5
https://lilacstudio.ae/collections/gift-box/products/gift-box-babe-with-crystals,"Clothing / Textile / Apparels / Clothes / T-shirts, Ecommerce , Tools / Customisers / Personalisers, Product Options, Bags / Backpacks, Website / Web App",Shopify,5
https://bikescootercity.com.au/,"Automobiles / Automotive / Car Dealers, Maps / Google Map / GPS , Ecommerce , Website / Web App",Shopify,5
https://nuxactive.com/,"Clothing / Textile / Apparels / Clothes / T-shirts, Ecommerce , Rewards / Discounts / Coupons / Offers, Website / Web App",Shopify,6
https://www.dropbottle.com/,"Landing Pages, Ecommerce , Website / Web App",Shopify,7
https://woodie-milano.com/,"Multicurrency, Ecommerce , Electronics, Website / Web App",Shopify,6
https://specseyewear.com/,"Ecommerce , Online Appointments Booking, Sunglasses / Eyewear / Lenses, Website / Web App",Shopify,6
https://www.tojilife.com/,"Subscriptions  /  Subscribe , Ecommerce , Rewards / Discounts / Coupons / Offers, Essential oils / Cooking oils / Olive oils, Product Options, Website / Web App",Shopify,4
https://www.sleepingbaby.com/,"Clothing / Textile / Apparels / Clothes / T-shirts, Ecommerce , Kids, Bundled products, Product Options, Website / Web App",Shopify,5
https://buddhapants.co.uk/,"Clothing / Textile / Apparels / Clothes / T-shirts, Multicurrency, Fashion, Ecommerce , Web + Mobile Apps, Product Options, Website / Web App",Shopify,6
https://mondayswimwear.com/,"Clothing / Textile / Apparels / Clothes / T-shirts, Multicurrency, Ecommerce , Rewards / Discounts / Coupons / Offers, Website / Web App","Shopify, Shopify Plus",7
https://www.swati.com/,"Ecommerce , Skin Care / Beauty, Multilingual, Rewards / Discounts / Coupons / Offers, Sunglasses / Eyewear / Lenses, Product Options, Website / Web App","Shopify, Shopify Plus",5
https://mytexasparks.com/,"Clothing / Textile / Apparels / Clothes / T-shirts, Ecommerce , Website / Web App",Shopify,5
https://www.antzara.com/,"Ecommerce , Liquor / Wine, Comparison / Compare products, Website / Web App",Shopify,5
https://shophomemed.com/,"Subscriptions  /  Subscribe , Ecommerce , Medical / Pharmacy / Medicines, Rewards / Discounts / Coupons / Offers, Website / Web App",Shopify,6
https://www.langly.co/,"Multicurrency, Ecommerce , Product Options, Store Locator, Website / Web App","Shopify, Shopify Plus",6
https://reasonclothing.com/,"Clothing / Textile / Apparels / Clothes / T-shirts, Multicurrency, Ecommerce , Web + Mobile Apps, Rewards / Discounts / Coupons / Offers",Shopify,5
https://shupaca.com/,"Clothing / Textile / Apparels / Clothes / T-shirts, Multicurrency, Ecommerce , Kids, Website / Web App",Shopify,5
https://alavonauersperg.com/,"Clothing / Textile / Apparels / Clothes / T-shirts, Wedding , Ecommerce , Website / Web App",Shopify,6
https://mainstreetbella.com/,"Clothing / Textile / Apparels / Clothes / T-shirts, Ecommerce , Events, Product Options, Bags / Backpacks, Website / Web App",Shopify,4
https://thxsilk.com/,"Clothing / Textile / Apparels / Clothes / T-shirts, Multicurrency, Multisite, Ecommerce , Product Options, Website / Web App",Shopify,6
https://www.venque.com/,"Multicurrency, Ecommerce , Rewards / Discounts / Coupons / Offers, Bags / Backpacks, Website / Web App",Shopify,5
https://www.neonsigns.co.nz/,"Multicurrency, Ecommerce , Tools / Customisers / Personalisers, Product Options, Website / Web App",Shopify,6
https://burdeens.com/,"Jewellery , Watches , Multicurrency, Ecommerce , Marketplace, Website / Web App",Shopify,6
https://www.lauraleejewellery.com/,"Jewellery , Multicurrency, Ecommerce , Product Options, Website / Web App",Shopify,5
https://www.elvisandkresse.com/,"Multicurrency, Ecommerce , Bags / Backpacks, Website / Web App",Shopify,5
https://gispac.com.au/,"Ecommerce , Bags / Backpacks, Website / Web App",Shopify,4
https://originalswat.com/,"Multicurrency, Ecommerce , Multilingual, Footwear / Boots, Store Locator, Website / Web App",Shopify,3
https://www.rheafootwear.com/,"Multicurrency, Ecommerce , Footwear / Boots, Parallax effect / Animations, Website / Web App",Shopify,4
https://specialmilano.com/,"Clothing / Textile / Apparels / Clothes / T-shirts, Multicurrency, Ecommerce , Multilingual, Footwear / Boots, Website / Web App",Shopify,4
https://originalfootwear.com/,"Multicurrency, Ecommerce , Multilingual, Footwear / Boots, Store Locator, Website / Web App",Shopify,2
https://shycreation.com/,"Jewellery , Ecommerce , Store Locator, Website / Web App",Shopify,5
https://www.loveshines.com/,"Jewellery , Ecommerce , Tools / Customisers / Personalisers, Website / Web App",Shopify,3
https://ebridal.design/,"Clothing / Textile / Apparels / Clothes / T-shirts, Wedding , Ecommerce , Multilingual, Tools / Customisers / Personalisers, Website / Web App",Shopify,3
https://www.hawaiivolcanic.com/,"Subscriptions  /  Subscribe , Ecommerce , Store Locator, Website / Web App",Shopify,6
https://labelleglow.com/,"Ecommerce , Skin Care / Beauty, Website / Web App",Shopify,6
https://www.beautyitis.com/,"Multi-vendor, Ecommerce , Skin Care / Beauty, Parallax effect / Animations, Website / Web App",Shopify,5
https://mybeautysite.com/,"Wholesale / B2B, Membership , Ecommerce , Skin Care / Beauty, Multilingual, DropShipping / Logistics, Website / Web App",Shopify,5
https://thebeathousecosmetics.com/,"Ecommerce , Skin Care / Beauty, Product Options, Website / Web App",Shopify,3
https://molecularbotanics.eu/,"Ecommerce , Skin Care / Beauty, Bundled products, Website / Web App","Shopify, Shopify Plus",7
https://luvmyhair.com/,"Hair, Ecommerce , Rewards / Discounts / Coupons / Offers, Website / Web App",Shopify,5
https://teasedhairextensions.com/,"Ecommerce , Skin Care / Beauty, Website / Web App",Shopify,3
https://www.omegor.com/,"Wellness / Health & Fitness / Nutrition / Supplement, Subscriptions  /  Subscribe , Ecommerce , Multilingual, Headless, Rewards / Discounts / Coupons / Offers, Website / Web App","Shopify, React Js",6
https://store.bariatricpal.com/,"Community / Association , Wellness / Health & Fitness / Nutrition / Supplement, Subscriptions  /  Subscribe , Ecommerce , Rewards / Discounts / Coupons / Offers, Website / Web App",Shopify,6
https://www.nordikspace.com/,"Ecommerce , Home decor / Interior decoration, Poster / Canvas / Portrait, Website / Web App",Shopify,5
https://standdesk.com/,"Ecommerce , Tools / Customisers / Personalisers, Chairs / Office Chairs / Furniture, Product Options, Website / Web App","Shopify, Shopify Plus",5
https://najarianfurniture.com/,"Informational / Services, Chairs / Office Chairs / Furniture, Store Locator, Website / Web App",Shopify,4
https://www.houseofvapeslondon.co.uk/,"Ecommerce , Vape / CBD / E-Liquid, Website / Web App",Shopify,4
https://altatechnologies.com/,"Ecommerce , Request a quote / Multi-step Forms / Get a quote , Rental / Used products, Computers / Servers / Hardware Products / Game devices /  Computer parts, Website / Web App",Shopify,5
https://toshuba.myshopify.com/,"Ecommerce , Multilingual, Computers / Servers / Hardware Products / Game devices /  Computer parts, Website / Web App",Shopify,3
https://www.sweetflour.ca/,"Ecommerce , Rewards / Discounts / Coupons / Offers, Food and catering / Online food delivery, Website / Web App",Shopify,5
https://partsmarket.biz/,"Automobiles / Automotive / Car Dealers, Informational / Services, Website / Web App",Shopify,3
https://engineparts.trade/,"Automobiles / Automotive / Car Dealers, Informational / Services, Website / Web App",Shopify,3
https://www.thepiehole.com/,"Ecommerce , Food and catering / Online food delivery, Product Options, Website / Web App",Shopify,4
https://numeals.com.au/,"Ecommerce , Tools / Customisers / Personalisers, Food and catering / Online food delivery, Website / Web App",Shopify,6
https://flaviar.com/,"Subscriptions  /  Subscribe , Ecommerce , Liquor / Wine, Website / Web App","Shopify, Shopify Plus",7
https://dossier.co/,"Ecommerce , Web + Mobile Apps, Store Locator, Perfumes / Diffusers / Scent / Candles, Website / Web App",Shopify,7
https://www.montreallighting.com/,"Ecommerce , Multilingual, Online Appointments Booking, Chairs / Office Chairs / Furniture, Electronics, Home decor / Interior decoration, Website / Web App",Shopify,6
https://sunnamusk.com/,"Multicurrency, Ecommerce , Rewards / Discounts / Coupons / Offers, Store Locator, Perfumes / Diffusers / Scent / Candles, Website / Web App",Shopify,6
https://montisworld.nl/,"Events, Education/School, Online Appointments Booking, Kids, Website / Web App",Shopify,6
https://www.briscoes.ie/,"Ecommerce , Electronics, Computers / Servers / Hardware Products / Game devices /  Computer parts, Website / Web App","Bigcommerce, React Js",4
https://www.myperfumeshop.com.au/,"Multicurrency, Ecommerce , Skin Care / Beauty, Perfumes / Diffusers / Scent / Candles, Website / Web App",Shopify,5
https://krigler.com/,"Ecommerce , Store Locator, Perfumes / Diffusers / Scent / Candles, Website / Web App",Shopify,3
https://azarivineyards.com/,"Membership , Ecommerce , Online Appointments Booking, Liquor / Wine, Website / Web App",Shopify,4
https://www.magiscenter.com/,"Books / Magazines, Ecommerce , Blogging / Blogs, Digital / Downloadable Products, Website / Web App",Shopify,5
https://branding.cards/,"Subscriptions  /  Subscribe , Ecommerce , Website / Web App",Shopify,3
https://wazarts.com/,"Ecommerce , Florist / Flowers, Website / Web App",Shopify,3
https://maxwellandwilliams.com.au/,"Ecommerce , Headless, Kitchenware / Crockery / Utensils / Knives, Website / Web App","Shopify, React Js",6
https://originallyyellow.com/,"Ecommerce , Website / Web App",Shopify,4
https://la-melle.de/,"Art, Ecommerce , Wallpapers, Tools / Customisers / Personalisers, Home decor / Interior decoration, Product Options, Website / Web App, Adobe Stock",Shopify,5
https://onecottage.com/,"Clothing / Textile / Apparels / Clothes / T-shirts, Books / Magazines, Ecommerce , Electronics, Home decor / Interior decoration, Product Options, Website / Web App",Shopify,3
https://www.shopmegakaraoke.com/,"Music / Entertainment, Multicurrency, Ecommerce , Multilingual, Electronics, Rental / Used products, Website / Web App",Shopify,4
https://www.xtreme4x4.me/,"Automobiles / Automotive / Car Dealers, Multicurrency, Multi-vendor, Ecommerce , Year / Make / Model, Website / Web App",Shopify,4
https://pouches.eu/,"Multicurrency, Ecommerce , Multilingual, Vape / CBD / E-Liquid, Website / Web App",Shopify,4
https://halcene.com/,"Clothing / Textile / Apparels / Clothes / T-shirts, Multicurrency, Ecommerce , Men, Website / Web App",Shopify,5
https://athletabis.co/,"Sports / Athletes, Ecommerce , Skin Care / Beauty, Website / Web App",Shopify,3
https://simonett.us/,"Clothing / Textile / Apparels / Clothes / T-shirts, Multicurrency, Ecommerce , Footwear / Boots, Website / Web App",Shopify,3
https://hennacaravan.com/,"Ecommerce , Skin Care / Beauty, Online Appointments Booking, Essential oils / Cooking oils / Olive oils, Website / Web App",Shopify,4
https://thesis.bike/,"Automobiles / Automotive / Car Dealers, Ecommerce , Blogging / Blogs, Online Appointments Booking, Tools / Customisers / Personalisers, Product Options, Website / Web App",Shopify,5
https://polyestershirts.com/,"Ecommerce , Website / Web App",Shopify,6
https://www.advert.ink/,"Clothing / Textile / Apparels / Clothes / T-shirts, Informational / Services, Request a quote / Multi-step Forms / Get a quote , Website / Web App",Webflow,5
https://www.bigcommerce.com/apps/okinus-checkout/,"One Page Checkout, Plugins / Apps / Extensions , Fintech / Finance / Financial , Quiz / Questionnaire",Bigcommerce,5
https://www.bigcommerce.com/apps/fraudlabs-pro/,"Plugins / Apps / Extensions , Online security / Fraud prevention",Bigcommerce,5
https://www.ifitbarks.com/,"Ecommerce , Pet / Dog / Cat, Tools / Customisers / Personalisers, Website / Web App",Bigcommerce,7
https://www.manhattanhomedesign.com/,"Ecommerce , Chairs / Office Chairs / Furniture, Electronics, Website / Web App","Bigcommerce, React Js",6
https://www.nebonsai.com/,"Ecommerce , Plants / Environment / Agriculture, Home decor / Interior decoration, Website / Web App",Bigcommerce,6
https://bearpaw.com/,"Ecommerce , Payment gateways, Rewards / Discounts / Coupons / Offers, Footwear / Boots, Website / Web App",Bigcommerce,6
https://www.needforseat.com/,"Multicurrency, Ecommerce , Tools / Customisers / Personalisers, Chairs / Office Chairs / Furniture, Request a quote / Multi-step Forms / Get a quote , Product Options, Website / Web App",Shopify,5
https://www.extremeperformance.com/,"Automobiles / Automotive / Car Dealers, Ecommerce , Headless, Year / Make / Model, Website / Web App","API integration, Node JS, Bigcommerce, React Js",6
https://injen.com/,"Automobiles / Automotive / Car Dealers, Multi-vendor, Ecommerce , Year / Make / Model, Website / Web App","Node JS, React Js",5
https://life.tenergy.com/,"Ecommerce , Headless, Rewards / Discounts / Coupons / Offers, Electronics, Website / Web App","Bigcommerce, React Js",4
https://pilotstuffonline.com/,"Ecommerce , Electronics, Request a quote / Multi-step Forms / Get a quote , Sunglasses / Eyewear / Lenses, Toys / Soft toys / Gifts / Gift card, Website / Web App",Bigcommerce,5
https://theknifeconnection.com/,"Ecommerce , Tools / Customisers / Personalisers, Kitchenware / Crockery / Utensils / Knives, Website / Web App",Bigcommerce,5
https://www.aquariumspareparts.com.au/,"Ecommerce , Rewards / Discounts / Coupons / Offers, Online Calculators, Aquatic products / Oceanic / Fishing products, Bundled products, Website / Web App",Bigcommerce,5
https://www.mashandgrape.com/,"Ecommerce , Marketplace, Liquor / Wine, Website / Web App",Shopify,4
https://dejaun.com/,"Jewellery , Watches , Ecommerce , Website / Web App",Shopify,3
https://www.discountwatersofteners.com/,"Ecommerce , Quiz / Questionnaire, Purifiers / Filterations, Product Options, Website / Web App",Bigcommerce,5
https://www.laundrycompany.co.uk/,"Ecommerce , Laundary company / laundary products, Website / Web App",Bigcommerce,4
https://mbare.com/,"Maps / Google Map / GPS , Ecommerce , Headless, Home decor / Interior decoration, Website / Web App","Bigcommerce, React Js",4
https://treadmilloutlet.com/,"Wellness / Health & Fitness / Nutrition / Supplement, Ecommerce , Headless, Website / Web App","Bigcommerce, React Js",4
https://vortexhockey.co.uk/,"Ecommerce , Website / Web App",Bigcommerce,3
https://theammosource.com/,"Clothing / Textile / Apparels / Clothes / T-shirts, Ecommerce , Electronics, Sunglasses / Eyewear / Lenses, Toys / Soft toys / Gifts / Gift card, Kitchenware / Crockery / Utensils / Knives, Aquatic products / Oceanic / Fishing products, Firearm / Guns / Ammunition, Website / Web App",Bigcommerce,3
https://www.companydiligence.com/,"Company / Corporate / Consulting Website / Firm, Ecommerce , Informational / Services, Multilingual, Website / Web App",Bigcommerce,4
https://creatrixsolutions.com/,"Multicurrency, Wellness / Health & Fitness / Nutrition / Supplement, Ecommerce , Skin Care / Beauty, Payment gateways, Purifiers / Filterations, Website / Web App",Bigcommerce,4
https://shop.weolive.com/,"Books / Magazines, Ecommerce , Rewards / Discounts / Coupons / Offers, Essential oils / Cooking oils / Olive oils, Website / Web App",Bigcommerce,3
https://stampthemoment.com/,"Jewellery , Ecommerce , Tools / Customisers / Personalisers, Website / Web App",Bigcommerce,3
https://www.aperionproductions.com/,"Events, Food and catering / Online food delivery, Website / Web App","Wix, React Js",2
https://pspsupspecialists.com/,"Ecommerce , Rental / Used products, Website / Web App",Bigcommerce,2
https://aventuraclothing.com/,"Clothing / Textile / Apparels / Clothes / T-shirts, Ecommerce , Rewards / Discounts / Coupons / Offers, Website / Web App","Bigcommerce, Vue.js",6
https://commercemarketplace.adobe.com/fenalabs-module-payments.html,"Ecommerce , Plugins / Apps / Extensions , Payment gateways, Fintech / Finance / Financial","Magento 2",5
https://commercemarketplace.adobe.com/credova-module-financial.html,"One Page Checkout, Ecommerce , Plugins / Apps / Extensions , Payment gateways, Fintech / Finance / Financial","Magento 2",6
https://github.com/tbiinfotech/Magento2-Module,"Ecommerce , Plugins / Apps / Extensions , Online security / Fraud prevention","Magento 2",5
https://www.allgolf.nl/,"Clothing / Textile / Apparels / Clothes / T-shirts, Sports / Athletes, Ecommerce , Elementor, Website / Web App","Wordpress, Woocommerce",6
https://www.xtremenutrition.co.nz/,"One Page Checkout, Wellness / Health & Fitness / Nutrition / Supplement, Ecommerce , Rewards / Discounts / Coupons / Offers, Product Options, Website / Web App","Magento 2",5
https://genericshot.com/,"Multi-vendor, Ecommerce , Medical / Pharmacy / Medicines, Website / Web App","Magento 2",6
https://www.booster.be/wholesale/,"Clothing / Textile / Apparels / Clothes / T-shirts, Sports / Athletes, Wholesale / B2B, Membership , Wellness / Health & Fitness / Nutrition / Supplement, Ecommerce , Multilingual, Website / Web App",Magento,4
https://olivermachinery.net/,"Wholesale / B2B, Ecommerce , Comparison / Compare products, Machines / Industrial products, Website / Web App","Magento 2",5
https://greensoulorganics.com.au/,"Multi-vendor, Ecommerce , Skin Care / Beauty, Grocery / Fruits /  Vegetables / Dairy products , Comparison / Compare products, Website / Web App",Magento,3
https://underworks.com.au/,"Clothing / Textile / Apparels / Clothes / T-shirts, Ecommerce , Product Options, Website / Web App","Magento 2",6
https://darussalamstore.com/,"Books / Magazines, Ecommerce , Multilingual, Comparison / Compare products, Website / Web App","Magento 2",5
https://www.flooringhut.co.uk/,"Ecommerce , Tools / Customisers / Personalisers, Home decor / Interior decoration, Request a quote / Multi-step Forms / Get a quote , Comparison / Compare products, Website / Web App, Flooring / Tiles / Stones","Magento 2",5
https://www.dynatrac.com/index.php,"Automobiles / Automotive / Car Dealers, Ecommerce , Website / Web App","Magento 2",4
https://www.protectcovers.com/,"Ecommerce , Rewards / Discounts / Coupons / Offers, Computers / Servers / Hardware Products / Game devices /  Computer parts, Website / Web App","Magento 2",4
https://3xsupply.com/,"Ecommerce , Kitchenware / Crockery / Utensils / Knives, Website / Web App","Magento 2",6
https://oteroindustrial.cl/,"Automobiles / Automotive / Car Dealers, Ecommerce , Product Options, Machines / Industrial products, Website / Web App","Magento 2",5
https://nvspromo.com/,"Wholesale / B2B, Ecommerce , Electronics, Comparison / Compare products, Website / Web App","Magento 2",5
https://www.unique-canvas.com/,"Photography / Photographer, Art, Ecommerce , Multilingual, Wallpapers, Tools / Customisers / Personalisers, Home decor / Interior decoration, Product Options, Website / Web App","Magento 2",5
https://www.tradie.com/,"Clothing / Textile / Apparels / Clothes / T-shirts, Ecommerce , Website / Web App","Magento 2",5
https://www.tackleundies.com/,"Clothing / Textile / Apparels / Clothes / T-shirts, Ecommerce , Product Options, Website / Web App","Magento 2",3
https://www.subastralinc.com/,"Ecommerce , Product Options, Comparison / Compare products, Website / Web App","Magento 2",3
https://www.buydesign.com.au/,"Ecommerce , Chairs / Office Chairs / Furniture, Electronics, Comparison / Compare products, Website / Web App","Magento 2",4
https://www.esportmania.gr/,"Clothing / Textile / Apparels / Clothes / T-shirts, Sports / Athletes, Ecommerce , Footwear / Boots, Product Options, Website / Web App",Magento,6
https://www.lensabl.com/,"Subscriptions  /  Subscribe , Ecommerce , Headless, Tools / Customisers / Personalisers, Quiz / Questionnaire, Sunglasses / Eyewear / Lenses, Product Options, Website / Web App","Magento, React Js",5
https://www.lancashiretextiles.co.uk/,"Clothing / Textile / Apparels / Clothes / T-shirts, Ecommerce , Product Options, Comparison / Compare products, Website / Web App","Magento 2",5
https://bulknaturaloils.com/,"Wholesale / B2B, Ecommerce , Essential oils / Cooking oils / Olive oils, Website / Web App",Magento,4
https://bekkerlagram.nl/,"Automobiles / Automotive / Car Dealers, Company / Corporate / Consulting Website / Firm, Machines / Industrial products, Website / Web App",Wordpress,5
https://nnstoffen.nl/,"Clothing / Textile / Apparels / Clothes / T-shirts, Ecommerce , Product Options, Comparison / Compare products, Website / Web App","Magento 2",3
https://gryphonestatesilver.com/,"Ecommerce , Kitchenware / Crockery / Utensils / Knives, Website / Web App","Magento 2",3
https://www.true-whey.com/,"Wellness / Health & Fitness / Nutrition / Supplement, Ecommerce , Product Options, Website / Web App","Magento 2",3
https://gemvy.com/,"Jewellery , Ecommerce , Tools / Customisers / Personalisers, Product Options, Comparison / Compare products, Website / Web App","Magento 2",4
https://www.faeriesdance.com/,"Clothing / Textile / Apparels / Clothes / T-shirts, Jewellery , Ecommerce , Rewards / Discounts / Coupons / Offers, Comparison / Compare products, Website / Web App","Magento 2",3
https://argane.be/,"Hair, Multicurrency, Ecommerce , Multilingual, Essential oils / Cooking oils / Olive oils, Comparison / Compare products, Website / Web App","Magento 2",4
https://www.oetuning.com/,"Automobiles / Automotive / Car Dealers, Ecommerce , Comparison / Compare products, Store Locator, Website / Web App","Magento 2",4
https://www.3leggedthing.com/,"Tour & Travel /  Itinerary, Ecommerce , Electronics, Product Options, Website / Web App",Magento,3
https://www.enterasource.com/,"Company / Corporate / Consulting Website / Firm, Ecommerce , Rental / Used products, Servers / Storage / Networking products, Website / Web App","Magento 2",6
https://mypartyshirt.com/,"Clothing / Textile / Apparels / Clothes / T-shirts, Ecommerce , Product Options, Website / Web App",Magento,3
https://www.theinstrumentplace.com/,"Music / Entertainment, Ecommerce , Rental / Used products, Product Options, Instruments / Guitars, Website / Web App","Magento 2",5
https://frameitall.com/,"Ecommerce , Florist / Flowers, Plants / Environment / Agriculture, Product Options, Website / Web App",Shopify,6
https://safetysolutionsuk.net/,"Clothing / Textile / Apparels / Clothes / T-shirts, Ecommerce , Footwear / Boots, Sunglasses / Eyewear / Lenses, Product Options, Website / Web App","Wordpress, Woocommerce",5
https://camelstep.com/,"Ecommerce , Quiz / Questionnaire, Food and catering / Online food delivery, Coffee, RTL / Arabic, Website / Web App","React Js",4
https://awscales.com/,"Ecommerce , Tools / Customisers / Personalisers, Electronics, Website / Web App",Bigcommerce,3
https://andromedainsights.com/,"Ecommerce , Tools / Customisers / Personalisers, Computers / Servers / Hardware Products / Game devices /  Computer parts, Website / Web App",Shopify,6
https://greenshorticulture.co.uk/,"Ecommerce , Plants / Environment / Agriculture, Website / Web App",Shopify,4
https://relightdepot.com/,"Ecommerce , Electronics, Website / Web App","Bigcommerce, React Js",4
https://honeybeehealth.com/,"Ecommerce , Medical / Pharmacy / Medicines, Headless, Website / Web App","Ruby on Rails, React Js",5
https://defected.com/,"Clothing / Textile / Apparels / Clothes / T-shirts, Music / Entertainment, Ecommerce , Events, Poster / Canvas / Portrait, Website / Web App","Magento 2",6
https://foxchapelpublishing.com/,"Books / Magazines, Ecommerce , Product Options, Website / Web App","Shopify, React Js",4
https://www.getmytea.com/,"Ecommerce , Grocery / Fruits /  Vegetables / Dairy products , Elementor, Website / Web App","Wordpress, Woocommerce",5
https://charlesparsonsinteriors.com.au/,"Clothing / Textile / Apparels / Clothes / T-shirts, Ecommerce , Home decor / Interior decoration, Product Options, Store Locator, Website / Web App","React Js",3
https://www.gbic-shop.de/,"Wholesale / B2B, Ecommerce , Multilingual, Electronics, Product Options, Website / Web App","Core PHP",3
https://store.hermanmiller.com/,"Ecommerce , Multilingual, Online Appointments Booking, Tools / Customisers / Personalisers, Chairs / Office Chairs / Furniture, Electronics, Home decor / Interior decoration, Product Options, Website / Web App","Shopify, React Js",6
https://www.logoup.com/,"Clothing / Textile / Apparels / Clothes / T-shirts, Ecommerce , Rewards / Discounts / Coupons / Offers, Tools / Customisers / Personalisers, Website / Web App","React Js",5
https://superexportshop.org/,"Clothing / Textile / Apparels / Clothes / T-shirts, Sports / Athletes, Multicurrency, Ecommerce , Multilingual, Website / Web App","Shopify, React Js",3
https://www.uorganic.co.uk/,"Multicurrency, Ecommerce , Skin Care / Beauty, Rewards / Discounts / Coupons / Offers, Website / Web App",Shopify,5
https://lynendo.com/,"Clothing / Textile / Apparels / Clothes / T-shirts, Ecommerce , Rewards / Discounts / Coupons / Offers, Tools / Customisers / Personalisers, Product Options, Website / Web App",Shopify,4
https://www.thesterlingpet.com/,"Multicurrency, Ecommerce , Pet / Dog / Cat, Tools / Customisers / Personalisers, Product Options, Website / Web App",Shopify,3
https://inprimetime.com/,"Ecommerce , Grocery / Fruits /  Vegetables / Dairy products , Website / Web App",Shopify,3
https://teearabia.com/,"Clothing / Textile / Apparels / Clothes / T-shirts, Wholesale / B2B, Ecommerce , Multilingual, Request a quote / Multi-step Forms / Get a quote , RTL / Arabic, Website / Web App",Shopify,2
https://81stgeneration.com/,"Jewellery , Ecommerce , Product Options, Website / Web App",Shopify,4
https://www.powerrideoutlet.com/,"Automobiles / Automotive / Car Dealers, Ecommerce , Rewards / Discounts / Coupons / Offers, Product Options, Website / Web App",Shopify,4
https://amoo.us/,"Clothing / Textile / Apparels / Clothes / T-shirts, Ecommerce , Rewards / Discounts / Coupons / Offers, Website / Web App",Shopify,6
https://shop.oceaneering.com/,"Ecommerce , Electronics, Aquatic products / Oceanic / Fishing products, Website / Web App","Shopify, Shopify Plus",3
https://www.lebouquet.com/en/,"Ecommerce , Multilingual, CRM, Florist / Flowers, Elementor, Product Options, Website / Web App","Wordpress, Woocommerce",5
https://brennansbest.com/,"Ecommerce , Elementor, Food and catering / Online food delivery, Astra Theme, Website / Web App","Wordpress, Woocommerce",4
https://brookeyewear.com/,"Ecommerce , Tools / Customisers / Personalisers, Elementor, Sunglasses / Eyewear / Lenses, Product Options, Website / Web App","Wordpress, Woocommerce",5
https://ruttobats.com/,"Sports / Athletes, Ecommerce , Tools / Customisers / Personalisers, Elementor, Product Options, Astra Theme, Website / Web App","Wordpress, Woocommerce",5
https://www.weapondepot.com/,"Multi-vendor, Ecommerce , Marketplace, NFT, Kitchenware / Crockery / Utensils / Knives, Aquatic products / Oceanic / Fishing products, Firearm / Guns / Ammunition, Multistore, Bags / Backpacks, Website / Web App","Wordpress, Woocommerce",5
https://extremewheels.com/,"Automobiles / Automotive / Car Dealers, Multi-vendor, Ecommerce , Divi Theme, Year / Make / Model, Website / Web App","Wordpress, API integration, Woocommerce",5
https://planmedicare.com/,"Company / Corporate / Consulting Website / Firm, Informational / Services, Medical / Pharmacy / Medicines, Online Appointments Booking, Website / Web App",Wordpress,7
https://www.chili-health.ch/,"Company / Corporate / Consulting Website / Firm, Wellness / Health & Fitness / Nutrition / Supplement, Subscriptions  /  Subscribe , Informational / Services, Online Appointments Booking, Elementor, Website / Web App",Wordpress,6
https://www.3redpartners.com/,"Company / Corporate / Consulting Website / Firm, Informational / Services, Website / Web App",Wordpress,7
https://www.tigitmotorbikes.com/,"Automobiles / Automotive / Car Dealers, Tour & Travel /  Itinerary, Maps / Google Map / GPS , CRM, Online Appointments Booking, Rental / Used products, Website / Web App",Wordpress,6
https://dawnpatrolbali.com/,"Tour & Travel /  Itinerary, Online Appointments Booking, Website / Web App",Wordpress,5
https://www.luxuryrealestate.com/,"Real Estate / Property Rentals, 3-D view, Marketplace, Website / Web App","Ruby on Rails",6
"https://www.yogabody.com/ ","Company / Corporate / Consulting Website / Firm, Wellness / Health & Fitness / Nutrition / Supplement, Informational / Services, Coaching / Online Courses / E-learning / EdTech , Coach / Artist / Individual, Website / Web App",Wordpress,7
"https://penguincube.com/ ","Company / Corporate / Consulting Website / Firm, Website / Web App",Wordpress,5
"https://myhalfpricemovers.com/ ","Informational / Services, CRM, Online Appointments Booking, Elementor, Movers & Packers, Dashboard / Admin Portal / Software / Portal, Website / Web App, Local Business","Wordpress, Laravel",6
"https://www.costaricafocus.com/ ","Tour & Travel /  Itinerary, Company / Corporate / Consulting Website / Firm, Informational / Services, Divi Theme, Website / Web App",Wordpress,6
"https://arewausa.org/ ","Company / Corporate / Consulting Website / Firm, Donation / Non-Profitable / NGO, Website / Web App",Wordpress,4
https://neutronpay.com/,"Company / Corporate / Consulting Website / Firm, Informational / Services, Web + Mobile Apps, Parallax effect / Animations","React Js",7
https://www.cass.ai/,"Company / Corporate / Consulting Website / Firm, AI integration / OpenAI / ChatGPT, Website / Web App",Webflow,6
https://www.mayphotogallery.com/,"Photography / Photographer, Ecommerce , Website / Web App",Wix,2
https://www.eastcoastfireplaceinc.com/,"Informational / Services, Website / Web App",Wix,2
https://www.drkellifoy.com/,"Coaching / Online Courses / E-learning / EdTech , Parallax effect / Animations, Coach / Artist / Individual, Website / Web App","Node JS, Vue.js",4
https://www.peterashworth.com/,"Ecommerce , Product Options, Parallax effect / Animations, Coach / Artist / Individual, Website / Web App",Wix,4
https://gatsby.ai/,"SAAS, Marketing / Sales, Website / Web App","Node JS, React Js",7
https://mychallengecreator.com/,"Landing Pages, SAAS, Web + Mobile Apps, Dating / Social Networking, Coaching / Online Courses / E-learning / EdTech , Dashboard / Admin Portal / Software / Portal, Website / Web App, Gamification","Wordpress, Core PHP, React Native",5
https://www.voki.com/,"Education/School, SAAS, Web + Mobile Apps, Coaching / Online Courses / E-learning / EdTech , Kids, Website / Web App","Yii, Core PHP, Swift, Java, Yii2, Laravel",5
https://www.theshowroomx.com/,"Wholesale / B2B, Marketplace, SAAS, Website / Web App","Core PHP, Laravel",6
https://business.flaviar.com/,"SAAS, CRM, Liquor / Wine, Website / Web App","React Js",5
"https://play.google.com/store/apps/details?id=neutronpay.wallet ","Web + Mobile Apps, Payment gateways, Mobile Apps","React Native",7
https://www.quickblog.co/,"SAAS, Website / Web App","Laravel, Open Ai",5
https://www.leadfox.co/,"SAAS, Website / Web App","React Js, Webflow",7
https://blockbins.com/,"Maps / Google Map / GPS , SAAS, Website / Web App, Scrapping / Recycling Services","Node JS, Vue.js",6
https://www.ymage.com/,"Informational / Services, Multilingual, Website / Web App","Node JS, React Js",5
https://m2.eleafus.com/,"Ecommerce , Vape / CBD / E-Liquid, Website / Web App","Magento 2",5
https://www.911movenow.com/,"Informational / Services, CRM, Movers & Packers, Dashboard / Admin Portal / Software / Portal, Website / Web App","Core PHP, Yii2",5
https://mertonchamber.co.uk/,"Membership , Events, Elementor, Astra Theme, Website / Web App","Wordpress, Vue.js, Woocommerce",5
https://nutrasumma.com/,"Wellness / Health & Fitness / Nutrition / Supplement, Ecommerce , Website / Web App",Shopify,6
"https://tegritylawn.com/ ","Informational / Services, Website / Web App",Wordpress,4
https://talentedge.com/,"Coaching / Online Courses / E-learning / EdTech , Comparison / Compare products, Website / Web App","React Js, Laravel, Vue.js",7
https://strivemarketing.com/,"Company / Corporate / Consulting Website / Firm, Elementor, Astra Theme, Website / Web App",Wordpress,5
https://seonotforhire.com/,"Company / Corporate / Consulting Website / Firm, Request a quote / Multi-step Forms / Get a quote , Website / Web App",Wordpress,4
"https://keeverseo.com/ ","Informational / Services, Online Appointments Booking, Elementor, Marketing / Sales, Website / Web App, Local Business","Wordpress, Vue.js",6
https://madescape.com/ ,"Events, Online Appointments Booking, Website / Web App",Wordpress,5
https://infrawizard.com/,"Ecommerce , Digital / Downloadable Products, Website / Web App",Wordpress,5
https://regenics.com/,"Wellness / Health & Fitness / Nutrition / Supplement, Subscriptions  /  Subscribe , Ecommerce , Online Appointments Booking, Elementor, Website / Web App","Wordpress, Woocommerce",5
https://skyfinans.dk/,"Company / Corporate / Consulting Website / Firm, Informational / Services, Online Calculators, Fintech / Finance / Financial , Website / Web App",Wordpress,6
https://www.unicoil.com.au/,"Informational / Services, Website / Web App",Wordpress,4
https://www.nettechconsultants.com/,"Company / Corporate / Consulting Website / Firm, Website / Web App",Wordpress,4
http://www.wyattworks.com/,"Informational / Services, Online Appointments Booking, Website / Web App, Plumbing / Repair Services / Home services / Maintenance",Wordpress,6
"http://www.universaljobs.com/  ","Job Portal, Website / Web App",Wordpress,3
http://sojo.net.au/,"Informational / Services, Website / Web App",Wordpress,3
https://www.crazylove.org/,"Donation / Non-Profitable / NGO, Coach / Artist / Individual, Website / Web App","Node JS, React Js, Next Js",3
https://ellenogden.com/,"Informational / Services, Parallax effect / Animations, Website / Web App",Wordpress,4
https://www.barracudamsp.com/,"Company / Corporate / Consulting Website / Firm, Website / Web App",Java,6
https://www.jimbrickman.com/,"Ecommerce , Events, Coach / Artist / Individual, Website / Web App","Wordpress, Woocommerce",5
https://tachus.com/,"Informational / Services, Computers / Servers / Hardware Products / Game devices /  Computer parts, Website / Web App",Wordpress,6
https://www.patientpromoter.com/,"Medical / Pharmacy / Medicines, SAAS, Dashboard / Admin Portal / Software / Portal, Website / Web App","Wordpress, Core PHP",5
https://oster-hus.no/,"Real Estate / Property Rentals, Company / Corporate / Consulting Website / Firm, Website / Web App",Wordpress,5
https://solhytten.no/,"Real Estate / Property Rentals, Company / Corporate / Consulting Website / Firm, Website / Web App",Wordpress,5
https://sporteluxe.com/,"Blogging / Blogs, Website / Web App",Wordpress,4
https://www.nettolager.dk/,"Web + Mobile Apps, Online Calculators, Quiz / Questionnaire, Rental / Used products",Vue.js,6
https://play.google.com/store/apps/details?id=dk.nettolager.booking,"Online Calculators, Rental / Used products, Mobile Apps","Android, iOS",6
http://www.32styles.com/,"Multisite, Multilingual, Tools / Customisers / Personalisers, Product Options, Website / Web App",Wordpress,5
https://eyesoneyecare.com/,"News / Media, Blogging / Blogs, Medical / Pharmacy / Medicines, Events, Coaching / Online Courses / E-learning / EdTech , Website / Web App","Node JS, React Js, Next Js",6
https://www.inhouseblog.com/,"News / Media, Blogging / Blogs, Website / Web App",Wordpress,5
https://www.bluewaterimaging.ca/,"Maps / Google Map / GPS , Medical / Pharmacy / Medicines, Online Appointments Booking, Website / Web App",Webflow,5
https://www.goinhouse.com/,"Job Portal, Website / Web App","Ruby on Rails, Shopify",5
http://nycpersonalinjury.us/,"Company / Corporate / Consulting Website / Firm, law, Website / Web App",Wordpress,3
https://www.picmg.org/,"Company / Corporate / Consulting Website / Firm, Community / Association , Membership , Electronics, Donation / Non-Profitable / NGO, Website / Web App","Wordpress, Core PHP",4
https://www.amsacs.org/,"Education/School, Website / Web App",Java,4
https://www.nctrc.org/,"Informational / Services, Multilingual, Website / Web App","Wordpress, Core PHP",4
http://www.ruta.co.il/,"Informational / Services, Food and catering / Online food delivery, RTL / Arabic, Website / Web App",Wordpress,3
https://www.hallmanusa.com/,"Ecommerce , Migrations, Tools / Customisers / Personalisers, Electronics, Bundled products, Product Options, Website / Web App","Magento 2",5
https://durapak.net/,"Ecommerce , Website / Web App","Wordpress, Woocommerce",3
https://luxuryfabrics.com/,"Clothing / Textile / Apparels / Clothes / T-shirts, Informational / Services, Website / Web App","Magento 2",3
https://www.agssalonequipment.com/,"Ecommerce , Payment gateways, Chairs / Office Chairs / Furniture, Website / Web App","Magento 2",4
"https://mfgbulletin.com/ ","Informational / Services, Elementor, Machines / Industrial products, Website / Web App",Wordpress,3
"https://www.theoneiota.com/home/ ","Membership , Subscriptions  /  Subscribe , Events, Dating / Social Networking, Elementor, Parallax effect / Animations, Website / Web App","Wordpress, Woocommerce",5
https://www.dogthority.com/,"Informational / Services, Pet / Dog / Cat, Website / Web App",Wordpress,3
https://www.njadvocates.com/,"Company / Corporate / Consulting Website / Firm, law, Website / Web App",Wordpress,5
https://sutaisyk.lt/,"Ecommerce , Website / Web App","Wordpress, React Js, Woocommerce",5
https://www.lyonspc.com/,"law, Web + Mobile Apps",Wordpress,5
https://play.google.com/store/apps/details?id=com.lyonsAssociates.plm&hl=en,"Maps / Google Map / GPS , law, Online Calculators, Mobile Apps","Android, Ionic",5
https://aukgaaf.com/,"Ecommerce , Kids, Toys / Soft toys / Gifts / Gift card, Rental / Used products, Website / Web App","Wordpress, Woocommerce",3
https://buffetti.it/,"Ecommerce , Chairs / Office Chairs / Furniture, Digital / Downloadable Products, Website / Web App, Stationery Products","Magento 2",4
https://www.sicilyalacarte.com/,"Tour & Travel /  Itinerary, Informational / Services, Website / Web App","Wordpress, Woocommerce",4
https://www.smcstudios-weddings.com/,"Photography / Photographer, Wedding , Informational / Services, Website / Web App",Squarespace,6
https://nordware.io/,"Company / Corporate / Consulting Website / Firm, Elementor, Website / Web App",Wordpress,7
https://www.textkernel.com/,"Multilingual, Job Portal, AI integration / OpenAI / ChatGPT, Website / Web App",Wordpress,7
https://mvprivatelabelwines.com/,"Informational / Services, Online Appointments Booking, Liquor / Wine, Website / Web App","React Js",5
https://www.w4plumber.com/,"Informational / Services, Website / Web App, Plumbing / Repair Services / Home services / Maintenance",Wordpress,6
https://sellmycell.co.nz/,"Informational / Services, Electronics, Website / Web App, Twenty Sixteen Theme","Wordpress, Woocommerce",6
https://www.austinrealestate.com/,"Real Estate / Property Rentals, Maps / Google Map / GPS , Marketplace, Website / Web App","Core PHP",5
https://harcourts.net/au,"Real Estate / Property Rentals, Maps / Google Map / GPS , Marketplace, Website / Web App","Core PHP",7
https://eiendomsgruppen.no/,"Real Estate / Property Rentals, Maps / Google Map / GPS , Informational / Services, Website / Web App",Wordpress,6
https://qoffices.com/,"Real Estate / Property Rentals, Maps / Google Map / GPS , Dashboard / Admin Portal / Software / Portal, Comparison / Compare products, Website / Web App",Wordpress,7
https://realestatebay.ca/,"Real Estate / Property Rentals, Maps / Google Map / GPS , Marketplace, Website / Web App",Asp.net,5
https://wrighthavenhomes.com/,"Real Estate / Property Rentals, Maps / Google Map / GPS , Online Appointments Booking, Elementor, Website / Web App",Wordpress,5
https://pentian.ca/,"Real Estate / Property Rentals, Informational / Services, Multilingual, Elementor, Website / Web App",Wordpress,5
https://lambre.eu/,"Multicurrency, Multisite, Ecommerce , Skin Care / Beauty, Multilingual, Web + Mobile Apps, Multistore, Perfumes / Diffusers / Scent / Candles","Wordpress, Woocommerce",5
https://play.google.com/store/apps/details?id=eu.lambre.shop,"Ecommerce , Skin Care / Beauty, Perfumes / Diffusers / Scent / Candles, Mobile Apps",Android,5
https://drinkunited.com/,"Informational / Services, Grocery / Fruits /  Vegetables / Dairy products , Product Options, Website / Web App","Wordpress, Woocommerce",5
https://heatpumpsuppliers.com/,"Informational / Services, Electronics, Website / Web App","Wordpress, React Js, Woocommerce",3
https://www.vital.co.za/,"Ecommerce , Divi Theme, Website / Web App","Wordpress, React Js, Woocommerce",5
https://getsomerest.com/,"Maps / Google Map / GPS , Informational / Services, Medical / Pharmacy / Medicines, Website / Web App, Dental",Wordpress,5
https://momentumhcs.com/,"Medical / Pharmacy / Medicines, Marketplace, Job Portal, Website / Web App",Wordpress,5
https://hje.org.uk/,"Medical / Pharmacy / Medicines, Online Appointments Booking, Website / Web App",Wordpress,7
https://gastro-uk.com/,"Informational / Services, Medical / Pharmacy / Medicines, Website / Web App",Wordpress,6
https://www.onyxonlinelearning.com/,"Informational / Services, Multilingual, Education/School, Website / Web App",Wordpress,5
https://www.karrieretutor.de/,"Education/School, Coaching / Online Courses / E-learning / EdTech , Website / Web App","Wordpress, Vue.js",5
https://talentmap.com/,"Landing Pages, Education/School, Online Appointments Booking, Coaching / Online Courses / E-learning / EdTech , Elementor, Website / Web App",Wordpress,6
https://resellcannaequipment.com/,"Ecommerce , Marketplace, Multilingual, Elementor, Rental / Used products, Machines / Industrial products, Astra Theme, Website / Web App","Wordpress, Woocommerce",5
https://higheralignment.com/,"Education/School, Coaching / Online Courses / E-learning / EdTech , Website / Web App",Asp.net,3
https://operationmoveday.com/,"Informational / Services, Movers & Packers, Website / Web App","Core PHP",3
https://www.directics.com/,"Electronics, Dashboard / Admin Portal / Software / Portal, Website / Web App",Wordpress,6
https://3cre.com/,"Real Estate / Property Rentals, Company / Corporate / Consulting Website / Firm, Informational / Services, Divi Theme, Website / Web App","Wordpress, React Js",4
https://www.benkraan.nl/,"Real Estate / Property Rentals, Company / Corporate / Consulting Website / Firm, Informational / Services, Multilingual, Website / Web App","Core PHP",3
http://pmaminded.nl/,"Books / Magazines, Ecommerce , Online Appointments Booking, Coaching / Online Courses / E-learning / EdTech , Website / Web App","Wordpress, Woocommerce",5
https://luxurypoolconcepts.com/,"Informational / Services, Website / Web App, Pool & Spa",Wordpress,5
https://www.goodgarages.net/,"Informational / Services, Parallax effect / Animations, Website / Web App, Construction, Local Business",Wordpress,6
https://store.theurbanfindr.com/,"Ecommerce , Events, Liquor / Wine, Website / Web App","Core PHP",5
https://breakfastpass.com/,"Maps / Google Map / GPS , Web + Mobile Apps, Online Appointments Booking, Elementor, Food and catering / Online food delivery, Directory Listing","Wordpress, Woocommerce",5
https://apps.apple.com/us/app/breakfastpass/id1668988362?platform=iphone,"Maps / Google Map / GPS , Online Appointments Booking, Food and catering / Online food delivery, Mobile Apps, Directory Listing","Android, iOS",5
https://worldvia.com/,"Tour & Travel /  Itinerary, Website / Web App","Node JS",6
https://www.dealatrip.co.uk/,"Real Estate / Property Rentals, Tour & Travel /  Itinerary, Maps / Google Map / GPS , Online Appointments Booking, Dashboard / Admin Portal / Software / Portal, Website / Web App","Core PHP",3
https://visitgreaterhamilton.com.au/,"Tour & Travel /  Itinerary, Ecommerce , Blogging / Blogs, Website / Web App","Wordpress, Woocommerce",5
https://nationalhotel.com/,"Hotel / Resort / Hotel booking / Room Booking / Table reservation , Online Appointments Booking, Website / Web App",Wordpress,7
https://mareva1939.com/,"Hotel / Resort / Hotel booking / Room Booking / Table reservation , Online Appointments Booking, Elementor, Website / Web App",Wordpress,5
http://namararesidences.com/,"Hotel / Resort / Hotel booking / Room Booking / Table reservation , Online Appointments Booking, Website / Web App","Wordpress, Woocommerce",5
https://biltmorehotel.com/,"Hotel / Resort / Hotel booking / Room Booking / Table reservation , Membership , Online Appointments Booking, Website / Web App","Wordpress, Angular Js",7
https://www.zimo-media.com/,"Company / Corporate / Consulting Website / Firm, Informational / Services, Parallax effect / Animations, Website / Web App",Webflow,7
https://www.themakers.nl/,"Clothing / Textile / Apparels / Clothes / T-shirts, Informational / Services, Website / Web App",Wordpress,3
https://blog.crownandcaliber.com/,"Watches , Blogging / Blogs, Website / Web App",Wordpress,7
https://www.justkindlebooks.com/,"Books / Magazines, Ecommerce , Website / Web App",Wordpress,3
https://relivvit.com/,"Sports / Athletes, Informational / Services, Website / Web App",Wordpress,3
https://www.mikeferry.com/,"Membership , Ecommerce , Events, Online Appointments Booking, Product Options, Coach / Artist / Individual, Website / Web App","Wordpress, Woocommerce",4
https://growthgod.com/,"Informational / Services, Website / Web App","Core PHP",4
https://www.iraqinews.com/,"News / Media, Headless, Elementor, Website / Web App","Wordpress, Vue.js",6
https://www.iq-mag.net/,"Books / Magazines, News / Media, Subscriptions  /  Subscribe , Job Portal, Website / Web App","Wordpress, Woocommerce",6
https://www.livinginperu.com/,"Tour & Travel /  Itinerary, News / Media, Blogging / Blogs, Website / Web App",Wordpress,7
https://fairtradecadeaubon.nl/,"Clothing / Textile / Apparels / Clothes / T-shirts, Ecommerce , Payment gateways, Plants / Environment / Agriculture, Chairs / Office Chairs / Furniture, Home decor / Interior decoration, Bags / Backpacks, Perfumes / Diffusers / Scent / Candles, Website / Web App","Wordpress, Woocommerce",3
https://invoice.zoomifi.com/,Clover,Android,5
https://paybutton.zoomifi.com/,Clover,Android,5
https://remotepay.zoomifi.com/,Clover,Android,3
https://terminalsale.zoomifi.com/,Clover,Android,3
https://donatehere.zoomifi.com/,Clover,Android,3
https://donateatcheckout.zoomifi.com/,Clover,Android,3
https://epay.zoomifi.com/,Clover,Android,5
https://realtyna.com/,"Real Estate / Property Rentals, Plugins / Apps / Extensions , SAAS, Elementor, Parallax effect / Animations, Website / Web App","Wordpress, Woocommerce",7
https://www.mecs.it/,"Informational / Services, Multilingual, Elementor, Machines / Industrial products","Wordpress, Woocommerce",3
https://www.netstrategy.it/,"Company / Corporate / Consulting Website / Firm, Informational / Services, Parallax effect / Animations, Website / Web App","Node JS, React Js, Next Js",3
https://wordpress.org/plugins/photoldr/,"Plugins / Apps / Extensions",Wordpress,3
https://wordpress.org/plugins/contests-from-rewards-fuel/,"Plugins / Apps / Extensions",Wordpress,7
https://www.brihaspatitech.com/blog/wordpress-multisite-plugin-woocommerce/,"Multisite, Plugins / Apps / Extensions , Multistore","Wordpress, Woocommerce",4
https://wordpress.org/plugins/leadfox/,"Plugins / Apps / Extensions , Marketing / Sales",Wordpress,4
https://wordpress.org/plugins/transdirect-shipping/,"Plugins / Apps / Extensions , DropShipping / Logistics","Wordpress, Woocommerce",5
https://www.transdirect.com.au/,"DropShipping / Logistics, Online Calculators, Website / Web App",Wordpress,6
https://wordpress.org/plugins/fraudlabs-pro-for-woocommerce/,"Plugins / Apps / Extensions , Online security / Fraud prevention","Wordpress, Woocommerce",7
https://wordpress.org/plugins/delighted-integration/,"Plugins / Apps / Extensions , Survey","Wordpress, Woocommerce",4
https://wordpress.org/plugins/sizeme-for-woocommerce/,"One Page Checkout, Plugins / Apps / Extensions","Wordpress, Woocommerce",7
https://wordpress.org/plugins/fullsteam-gateway/,"Plugins / Apps / Extensions , Payment gateways","Wordpress, Woocommerce",4
http://call.myfairoaksdentist.com/,"Landing Pages, Medical / Pharmacy / Medicines, Website / Web App, Dental",Wordpress,5
https://10xtribe.co/,"Landing Pages, Chrome / Browser / Safari extension, Marketing / Sales, Website / Web App",Laravel,4
https://seendating.com/,"Landing Pages, Web + Mobile Apps, Dating / Social Networking","Node JS, React Js, Next Js",5
https://www.courageouskidsapp.com/,"Landing Pages, Education/School, Web + Mobile Apps, Kids, Tools / Customisers / Personalisers, Gamification",Wordpress,4
https://telemedicnetwork.com/,"Landing Pages, Medical / Pharmacy / Medicines, Web + Mobile Apps, Video Calling , Dashboard / Admin Portal / Software / Portal, Website / Web App",Wordpress,5
https://www.lifedirect.co.nz/life-insurance/,"Landing Pages, Online Calculators, Fintech / Finance / Financial , Comparison / Compare products, Website / Web App",Asp.net,5
https://section-8-housing.org/,"Landing Pages, Informational / Services, Survey, Quiz / Questionnaire, Donation / Non-Profitable / NGO, Website / Web App",Wordpress,5
https://www.theridingbootco.co.uk/pages/fitting-guide,"Landing Pages, Multicurrency, Ecommerce , Footwear / Boots, Website / Web App",Shopify,4
https://www.carriecontey.com/,"Payment gateways, Coaching / Online Courses / E-learning / EdTech , Parallax effect / Animations, Coach / Artist / Individual, Website / Web App, Podcast",Squarespace,4
https://www.mixtapemusicbingo.com/,"Music / Entertainment, Plugins / Apps / Extensions , Website / Web App, Gamification",Squarespace,7
https://www.llanorealestategroup.com/,"Real Estate / Property Rentals, Company / Corporate / Consulting Website / Firm, Informational / Services, Website / Web App",Squarespace,4
https://www.prezentra.com/,"SAAS, Headless, Dashboard / Admin Portal / Software / Portal, Website / Web App","Wix, React Js",3
https://www.terrapointcommercialwash.com/,"Informational / Services, Headless, Parallax effect / Animations, Website / Web App","Wix, React Js",4
https://www.lisagerrard.com/,"Music / Entertainment, Informational / Services, Coach / Artist / Individual, Website / Web App",Wix,3
https://trackingpager.wixsite.com/home,"Landing Pages, Informational / Services, Website / Web App",Wix,5
https://www.wix.com/app-market/tracking-page-for-your-site,"Plugins / Apps / Extensions , DropShipping / Logistics",Wix,7
https://www.johnmarshallmedia.com/,"Books / Magazines, Company / Corporate / Consulting Website / Firm, Informational / Services, Website / Web App",Squarespace,6
https://www.bravegentleman.com/,"Clothing / Textile / Apparels / Clothes / T-shirts, Ecommerce , Footwear / Boots, Bags / Backpacks, Website / Web App",Squarespace,4
https://www.serenbeinn.com/,"Hotel / Resort / Hotel booking / Room Booking / Table reservation , Maps / Google Map / GPS , Events, Online Appointments Booking, Food and catering / Online food delivery, Website / Web App",Webflow,7
https://business.flaviar.com/,"Ecommerce , SAAS, Liquor / Wine, Website / Web App",Webflow,6
https://www.smartpassiveincome.com/,"Community / Association , Membership , Events, Coaching / Online Courses / E-learning / EdTech , Website / Web App, Podcast",Wordpress,6
https://www.standardpractice.ai/,"Company / Corporate / Consulting Website / Firm, Informational / Services, Medical / Pharmacy / Medicines, Website / Web App",Webflow,3
https://www.hosticonic.com/,"Hotel / Resort / Hotel booking / Room Booking / Table reservation , Informational / Services, Website / Web App","React Js, Webflow",5
https://apps.apple.com/za/app/courageous-kids/id1592283192,"Subscriptions  /  Subscribe , Education/School, Kids, Tools / Customisers / Personalisers, Mobile Apps, Gamification","Android, iOS",5
https://apps.apple.com/us/app/telemedic/id1482365728,"Medical / Pharmacy / Medicines, Video Calling , Online Appointments Booking, Mobile Apps",iOS,5
https://apps.apple.com/in/app/my-challenge-creator/id1551762760,"Coaching / Online Courses / E-learning / EdTech , Mobile Apps, Gamification","Android, iOS, React Native",5
https://apps.apple.com/us/app/seen-dating-meet-real-people/id1473942775,"Dating / Social Networking, Mobile Apps",iOS,6
https://apps.apple.com/us/app/reason-clothing/id1539090815,"Clothing / Textile / Apparels / Clothes / T-shirts, Multicurrency, Ecommerce , Rewards / Discounts / Coupons / Offers, Mobile Apps","Android, iOS",6
https://apps.apple.com/us/app/dossier-perfumes/id6462919505,"Ecommerce , Rewards / Discounts / Coupons / Offers, Quiz / Questionnaire, Perfumes / Diffusers / Scent / Candles, Mobile Apps","Android, iOS",7
https://apps.apple.com/us/app/voki-for-education/id1106010700?ls=1,"Education/School, Coaching / Online Courses / E-learning / EdTech , Kids, Mobile Apps","Android, iOS",6
https://www.munchbakery.com/,"Wholesale / B2B, Ecommerce , Multilingual, Web + Mobile Apps, Tools / Customisers / Personalisers, Food and catering / Online food delivery","React Js",5
https://apps.apple.com/us/app/munch-bakery-%D9%85%D9%86%D8%B4-%D8%A8%D9%8A%D9%83%D8%B1%D9%8A/id1438202293?platform=iphone,"Ecommerce , Food and catering / Online food delivery, Mobile Apps","Android, iOS",5
https://apps.apple.com/us/app/heybuddies-for%C3%A6ldregrupper/id6444822673,"Community / Association , Mobile Apps","Android, iOS",5
https://heybuddies.dk/,"Community / Association , Events, Web + Mobile Apps, Elementor, Website / Web App",Wordpress,5
https://apps.apple.com/us/app/woolf-intelligent-drive/id1234284800?ls=1,"BLE / Bluetooth, Mobile Apps","Android, iOS",6
https://woolfid.com/,"Ecommerce , Multilingual, Web + Mobile Apps, Website / Web App","Wordpress, Woocommerce",5
https://play.google.com/store/apps/details?id=com.placeToBee.mobile,"Maps / Google Map / GPS , Membership , Subscriptions  /  Subscribe , Rental / Used products, Mobile Apps","Android, iOS, React Native",7
https://www.swiss-hosts.ch/,"Maps / Google Map / GPS , Membership , Multilingual, Web + Mobile Apps, Rental / Used products, Website / Web App","Wordpress, React Js",7
https://apps.apple.com/us/app/faith-essentials/id1451207518?platform=iphone,"Community / Association , Education/School, Video Calling , Coaching / Online Courses / E-learning / EdTech , Mobile Apps","Android, iOS",7
https://faithessentials.online/,"Community / Association , Membership , Education/School, Web + Mobile Apps, Coaching / Online Courses / E-learning / EdTech , Donation / Non-Profitable / NGO, Website / Web App",Wordpress,6
https://apps.apple.com/us/app/amen-catholic-bible-prayers/id1573298413,"Music / Entertainment, Wellness / Health & Fitness / Nutrition / Supplement, Education/School, Mobile Apps, Religious, Meditation","Android, iOS, React Native",6
https://amenapp.org/,"Wellness / Health & Fitness / Nutrition / Supplement, Web + Mobile Apps, Donation / Non-Profitable / NGO, Website / Web App, Religious, Meditation","Node JS",5
https://play.google.com/store/apps/details?id=app.lalo.android,"Dating / Social Networking, Mobile Apps","Android, React Native",7
https://play.google.com/store/apps/details?id=com.meditationApp,"Wellness / Health & Fitness / Nutrition / Supplement, Mobile Apps, Meditation","Android, React Native",3
https://apps.apple.com/in/app/players-pal/id6443823691,"Rewards / Discounts / Coupons / Offers, Mobile Apps","Android, iOS, React Native",5
https://yourplayerspal.com/,"Landing Pages, Web + Mobile Apps, Website / Web App",Squarespace,4
https://apps.apple.com/us/app/shen-acupuncture/id1384099547,"Medical / Pharmacy / Medicines, Education/School, Mobile Apps","Android, iOS, React Native",5
http://shen-apps.com/,"Landing Pages, Medical / Pharmacy / Medicines, Divi Theme, Web + Mobile Apps, Website / Web App",Wordpress,3
https://apps.apple.com/us/app/tether-tools-qr-code-generator/id6450390055,"Photography / Photographer, QR Code, Mobile Apps",iOS,5
https://tethertools.com/bulk-qr-code-generator/,"Ecommerce , Web + Mobile Apps, QR Code, Electronics, Dashboard / Admin Portal / Software / Portal, Digital / Downloadable Products, Website / Web App","Wordpress, Electron, Woocommerce",7
https://apps.apple.com/in/app/aesthetic-wallpapers-themes/id1456432879?platform=ipad,"Wallpapers, Mobile Apps",iOS,5
https://apps.apple.com/us/app/full-fitness-workout-trainer/id536049508,"Wellness / Health & Fitness / Nutrition / Supplement, Online Calculators, Mobile Apps",iOS,6
https://apps.apple.com/us/app/seen-dating-meet-real-people/id1473942775,"Video Calling , Dating / Social Networking, Mobile Apps",iOS,6
https://apps.apple.com/in/app/musicatiba/id1620300184,"Music / Entertainment, Subscriptions  /  Subscribe , Education/School, Mobile Apps",iOS,4
https://apps.apple.com/us/app/multigage-reader/id1038265515,"BLE / Bluetooth, Mobile Apps",iOS,6
https://apps.apple.com/us/app/videogram-easy-movie-maker/id1187676009?ls=1,"Music / Entertainment, Mobile Apps",iOS,5
https://apps.apple.com/us/app/canada-golf-card/id581976565,"Maps / Google Map / GPS , Sports / Athletes, Rewards / Discounts / Coupons / Offers, Mobile Apps","Android, iOS",5
https://www.canadagolfcard.com/,"Maps / Google Map / GPS , Sports / Athletes, Landing Pages, Membership , Multilingual, Web + Mobile Apps, Website / Web App","Core PHP",5
https://apps.apple.com/us/app/howicompare/id1339559079,"law, Education/School, Dating / Social Networking, Comparison / Compare products, Mobile Apps",iOS,5
https://apps.apple.com/us/app/buddha-pants/id1237779309,"Clothing / Textile / Apparels / Clothes / T-shirts, Ecommerce , Mobile Apps",iOS,6
https://apps.apple.com/us/app/tagupcam/id1351790114?platform=iphone,"Sports / Athletes, Mobile Apps",iOS,7
https://tagupcam.com/,"Sports / Athletes, Landing Pages, Web + Mobile Apps, Dashboard / Admin Portal / Software / Portal, Website / Web App",Wordpress,5
https://apps.apple.com/us/app/ioverlander/id894352689,"Tour & Travel /  Itinerary, Maps / Google Map / GPS , Web + Mobile Apps, Mobile Apps","Android, iOS",4
https://apps.apple.com/us/app/vintage-camera-vhs-cam-8mm/id1447477363?ls=1,"Mobile Apps",iOS,6
https://apps.apple.com/us/app/goal-tracker-productivity-app/id1436002665?ls=1,"Wellness / Health & Fitness / Nutrition / Supplement, Productivity, Mobile Apps",iOS,5
https://apps.apple.com/us/app/one-second-daily-movie-diary/id1383226753?ls=1,"Music / Entertainment, Mobile Apps",iOS,3
https://apps.apple.com/us/app/fast-easy-slideshow-maker/id1079309759?ls=1,"Music / Entertainment, Mobile Apps",iOS,5
https://apps.apple.com/us/app/data-guardian/id300205818?platform=iphone,"Mobile Apps",iOS,4
https://apps.apple.com/us/app/fit-q/id1182960944?platform=iphone,"Maps / Google Map / GPS , Wellness / Health & Fitness / Nutrition / Supplement, Mobile Apps","Android, iOS",6
https://fit-q.net/,"Landing Pages, Wellness / Health & Fitness / Nutrition / Supplement, Web + Mobile Apps, Website / Web App","Node JS, Vue.js",5
https://apps.apple.com/us/app/pelipost-photos-to-prison/id1092410781?ls=1,"Photography / Photographer, Mobile Apps","Android, iOS",6
https://www.pelipost.com/,"Photography / Photographer, Membership , Multilingual, Web + Mobile Apps, Website / Web App","Magento 2",7
https://apps.apple.com/us/app/sailpilot-greece/id856166018?platform=iphone,"Tour & Travel /  Itinerary, Maps / Google Map / GPS , Web + Mobile Apps, Watch App, Mobile Apps",iOS,3
https://chromewebstore.google.com/detail/rebump-for-gmail/gbohoafagnlmidmhhpfdnmfpodhohaad,"Chrome / Browser / Safari extension, AI integration / OpenAI / ChatGPT","Chrome Extension",7
https://chromewebstore.google.com/detail/email-tracking-for-gmail/hedanepfcnfddeelaebabpbgmidfkkac?hl=en,"Chrome / Browser / Safari extension, AI integration / OpenAI / ChatGPT","Chrome Extension",6
https://chromewebstore.google.com/detail/triptop/jojjjkcdgnogimlkknfoojffgbgpldhf?hl=pt-br&pli=1,"Tour & Travel /  Itinerary, Chrome / Browser / Safari extension","Chrome Extension",5
https://chromewebstore.google.com/detail/10xtribe/adknclagpadmdnjepbfddpplgmfginnb,"Chrome / Browser / Safari extension, Marketing / Sales","Chrome Extension",7
https://chromewebstore.google.com/detail/add-to-myregistrycom-butt/cnofkjmkojconhdimlkamdckmidfmoio,"Chrome / Browser / Safari extension","Chrome Extension",6
https://chromewebstore.google.com/detail/commentfunnels/ackhhhalkpjekdgpijajjaigboookepm?hl=en,"Chrome / Browser / Safari extension, Marketing / Sales","Chrome Extension",5
https://chromewebstore.google.com/detail/copyfish-%F0%9F%90%9F-free-ocr-soft/eenjdnjldapjajjofmldgmkjaienebbj,"Chrome / Browser / Safari extension","Chrome Extension",6
https://chromewebstore.google.com/detail/startpaginanl-nieuws-weer/llccnnmmhmjlgpbecknbmmomkmigpand,"News / Media, Chrome / Browser / Safari extension","Chrome Extension",6
https://www.figma.com/proto/5rPBlMuEWfSvwS4wXjETw4/Namplace?node-id=3-2&starting-point-node-id=3%3A2,"Ecommerce , Figma, Chairs / Office Chairs / Furniture, Home decor / Interior decoration, Kitchenware / Crockery / Utensils / Knives, Web Mockups","Mockup Designing",5
https://www.figma.com/proto/mMIKiq4Tl2GRCRQfswPe3B/My-Texas-Parks?node-id=1-2,"Clothing / Textile / Apparels / Clothes / T-shirts, Ecommerce , Figma, Web Mockups","Mockup Designing",6
https://www.figma.com/proto/KjypieT1nhop9nE4WeRDm0/Mantis-Organics?node-id=198-25,"Ecommerce , Skin Care / Beauty, Figma, Web Mockups","Mockup Designing",7
https://www.figma.com/proto/3SZAs24Ty1OWjeQ2bR4rkV/Ergo-KIWI?node-id=65-2,"Ecommerce , Figma, Kitchenware / Crockery / Utensils / Knives, Web Mockups","Mockup Designing",4
https://www.figma.com/proto/iCI05QRKqyDHxXwSP1lMge/Neutronpay?node-id=4-2,"SAAS, Payment gateways, Figma, Web Mockups","Mockup Designing",7
https://www.figma.com/proto/yJKYny9hpbghOp3UrBb4Os/Beautee-For-Ashes?node-id=1-2,"Ecommerce , Informational / Services, Skin Care / Beauty, Figma, Web Mockups","Mockup Designing",6
https://www.figma.com/proto/1UPqIYPo4RUX9IPzTKvVg2/AWS-American-Scales?node-id=110-46,"Ecommerce , Figma, Web Mockups","Mockup Designing",4
https://www.figma.com/proto/Wt5guDXSAAldTx1jqxoewr/BRENNAN%E2%80%99S-BEST?node-id=88-1108,"Ecommerce , Figma, Web Mockups","Mockup Designing",5
https://www.figma.com/proto/uuwx34woGYMNKKrhVoIQMJ/Paywicks?node-id=1-2,"Payment gateways, Figma, Web Mockups","Mockup Designing",5
https://www.figma.com/proto/i3mIOxu8acJgt6YFBGseck/Green-Light-Future?node-id=364-4448,"Dating / Social Networking, Figma, Web Mockups","Mockup Designing",5
https://www.figma.com/proto/YmGCW4kwv2lPqQzEm1thIw/Cobm?node-id=586-44&starting-point-node-id=482%3A382,"Community / Association , Figma, Donation / Non-Profitable / NGO, Web Mockups","Mockup Designing",4
https://www.figma.com/design/5Ll7CU3LGC5HNJxUKvHniq/RSCE?node-id=0-1&t=YMcSFg8pChPphzrD-0,"Ecommerce , Marketplace, Figma, Dashboard / Admin Portal / Software / Portal, Web Mockups","Mockup Designing",5
https://www.figma.com/design/OJKBXOyZx82yQ4iwKXuCUt/Lybr-Branding?node-id=0-1&t=AhbQuVlkjVVbw3uC-0,"Books / Magazines, Ecommerce , Marketplace, Figma, Dashboard / Admin Portal / Software / Portal, Web Mockups","Mockup Designing",5
https://www.figma.com/proto/jWqNO2ifa5ebxlIhT3RDKk/Player-Pal?node-id=64-263,"Rewards / Discounts / Coupons / Offers, Figma, Mobile Mockups","Mockup Designing",5
https://www.figma.com/proto/LB28JJwiXZA32DOIMxC4uG/Adcoach-e-Learning-App?node-id=17-1818,"Education/School, Coaching / Online Courses / E-learning / EdTech , Figma, Mobile Mockups","Mockup Designing",7
https://www.figma.com/proto/tz0UkGoeWGnz6C4GsHDcPP/The-Home-show-mobile-app?node-id=412-697,"Marketplace, Figma, Mobile Mockups","Mockup Designing",7
https://www.figma.com/proto/Vp8qJEwCus67FFb3aHpG18/Kaballah-Meditation?node-id=1-25&starting-point-node-id=1%3A25,"Wellness / Health & Fitness / Nutrition / Supplement, Figma, Meditation, Mobile Mockups","Mockup Designing",5
https://www.figma.com/proto/xPBGM8bsiatDmmKZ70zFsd/TAUCAM?node-id=204-85,"SAAS, Figma, Dashboard / Admin Portal / Software / Portal, Web Mockups","Mockup Designing",5
https://www.figma.com/proto/pvDMwCMqlyuTiuziwuRGsT/Mail-Master?node-id=1-2,"SAAS, Figma, Dashboard / Admin Portal / Software / Portal, Web Mockups","Mockup Designing",4
https://www.figma.com/proto/lBC9DAEdtIS9vlZDseixg1/HSP-Home-Warranty?node-id=261-1613,"Company / Corporate / Consulting Website / Firm, Informational / Services, Figma, Web Mockups","Mockup Designing",7
https://www.figma.com/proto/AdC0Mo73Y9zSwJbh2iD5Pv/3D-Architecture.au?node-id=9-64,"Real Estate / Property Rentals, Figma, Web Mockups","Mockup Designing",7
https://www.figma.com/proto/Bdc6sdyP3bvfxT8bkVeYt4/Luv-My-Hair?node-id=1-2&scaling=min-zoom&page-id=0%3A1,"Ecommerce , Skin Care / Beauty, Figma, Web Mockups","Mockup Designing",5
https://www.figma.com/proto/Q9QcWnYjJYOijbjXvXPZJe/21-HOMES?node-id=0-3,"Real Estate / Property Rentals, Figma, Web Mockups","Mockup Designing",6
https://www.figma.com/proto/iRgDQ0aCAqe3w7smf3AbQG/Kangafotos?node-id=1-2,"Photography / Photographer, DropShipping / Logistics, Figma, Mobile Mockups","Mockup Designing",5
https://www.figma.com/proto/E9dr6QUvBf4xw8Vmuep7C0/Dental?type=design&node-id=1-2&scaling=min-zoom&page-id=0%3A1,"Medical / Pharmacy / Medicines, Figma, Dental, Web Mockups","Mockup Designing",6
https://www.figma.com/proto/EzBufLxajJavYAZmMR01Ek/Click-Medical?type=design&node-id=140-108&scaling=min-zoom&page-id=0%3A1,"Ecommerce , Medical / Pharmacy / Medicines, Figma, Web Mockups","Mockup Designing",6
https://www.figma.com/proto/vfyLUbXuDEqc9nEr76hVzE/Quokka-Medical?type=design&node-id=93-3&scaling=min-zoom&page-id=0%3A1,"Ecommerce , Medical / Pharmacy / Medicines, Figma, Web Mockups","Mockup Designing",6
https://storically.com/,"Books / Magazines, Ecommerce , Tools / Customisers / Personalisers, Quiz / Questionnaire, Website / Web App",Laravel,5
https://aevintyri.is/,"Books / Magazines, Ecommerce , Tools / Customisers / Personalisers, Website / Web App","Wordpress, Woocommerce",4
https://wishuponmystory.com/,"Books / Magazines, Ecommerce , Tools / Customisers / Personalisers, Website / Web App","Node JS, React Js",4
https://plakat.is/,"Books / Magazines, Ecommerce , Tools / Customisers / Personalisers, Website / Web App","Wordpress, Woocommerce",5
https://www.cfindustries.com/,"Informational / Services","Angular Js",5
https://pricepulse.co.nz/,,Shopify,3
https://akbarshokouhi.com/,"Elementor, Coach / Artist / Individual, Website / Web App, Local Business",Wordpress,4
https://www.fishjumanji.com/,"Maps / Google Map / GPS , Informational / Services, Online Appointments Booking, Elementor, Astra Theme, Website / Web App, Local Business",Wordpress,5
https://citizenconcierge.org/,"Company / Corporate / Consulting Website / Firm, Informational / Services, Request a quote / Multi-step Forms / Get a quote , Website / Web App, Local Business",Wordpress,5
https://www.dryerventsquadcincinnati.com/,"Maps / Google Map / GPS , Online Appointments Booking, Request a quote / Multi-step Forms / Get a quote , Parallax effect / Animations, Website / Web App, Plumbing / Repair Services / Home services / Maintenance , Local Business","Core PHP",6
https://frankflora.com/,"Elementor, Coach / Artist / Individual, Website / Web App, Local Business",Wordpress,4
https://reputationpros.com/,"Company / Corporate / Consulting Website / Firm, Informational / Services, Online Appointments Booking, Elementor, Astra Theme, Marketing / Sales, Website / Web App, Local Business",Wordpress,5
https://scottkeever.io/,"Online Appointments Booking, Elementor, Marketing / Sales, Coach / Artist / Individual, Website / Web App, Local Business",Wordpress,6
https://poolpros.io/,"Company / Corporate / Consulting Website / Firm, Informational / Services, Elementor, Marketing / Sales, Website / Web App, Pool & Spa, Local Business",Wordpress,5
https://www.figma.com/proto/j9XxVCSSoWlcr4AB916jSh/Afroventure--Travels?node-id=348-2787,"Tour & Travel /  Itinerary, Figma, Web Mockups","Mockup Designing",5
https://www.figma.com/proto/z8kzzoaLtRY3gQ6YY7alMx/Conditions--Hangover-%26-Vitality-Solutions?node-id=228-1492,"Ecommerce , Figma, Web Mockups","Mockup Designing",5
https://www.figma.com/proto/tyLZhopmqksVs0HTWeESH6/Playground-Hotel?node-id=121-1930,"Hotel / Resort / Hotel booking / Room Booking / Table reservation , Figma, Web Mockups","Mockup Designing",4
https://www.figma.com/proto/G0okPYxKTGsPjWJycgqU0G/Chameleon-Hospitality?node-id=210-77,"Informational / Services, Events, Figma, Web Mockups","Mockup Designing",5
https://www.figma.com/proto/5pqhrulM1SIMpuq5D26dqx/Roman-Northcut?node-id=486-2535,"Figma, Coach / Artist / Individual, Web Mockups","Mockup Designing",5
https://www.figma.com/proto/9myHmNflhdCYhsodgfbphw/Euclid,"SAAS, Figma, Dashboard / Admin Portal / Software / Portal, Web Mockups","Mockup Designing",4
https://www.figma.com/proto/JifiAUk2LkYEjxXLg0ToAc/CoFit-Mobile-App?node-id=1-74,"Wellness / Health & Fitness / Nutrition / Supplement, Events, Figma, Mobile Mockups","Mockup Designing",7
https://www.figma.com/proto/AGMZim9a79zpiMpM2sd7Vv/LobbyLog-iPadOS-App-(Copy)?node-id=350-967,"Figma, Mobile Mockups","Mockup Designing",3
https://www.figma.com/proto/sGz6ckKCut4xjKyCFtwEnm/Empire-Couriers-App?node-id=1-2,"DropShipping / Logistics, Figma, Movers & Packers, Mobile Mockups","Mockup Designing",7
https://www.figma.com/design/41FvmPVfcU8ofE3TVO7LEw/heybuddies?node-id=0-1,"Events, Dating / Social Networking, Figma, Mobile Mockups","Mockup Designing",6
https://www.figma.com/proto/vUv6hV5LCDftgXiMXnTsvn/Swiss-Host?node-id=1-2,"Tour & Travel /  Itinerary, Figma, Rental / Used products, Mobile Mockups","Mockup Designing",5
https://www.figma.com/design/kjpwLlVl8IsMRTn7W4mSr3/Prepify,"Wellness / Health & Fitness / Nutrition / Supplement, Figma, Mobile Mockups","Mockup Designing",7
https://www.figma.com/proto/bWwzK32PE9a4AnfD6ee2El/SEO-Booster-Linkify?node-id=84-3865,"Figma, Marketing / Sales, Shopify App Mockups","Mockup Designing",5
https://www.figma.com/proto/KkdN9E2qyGN80qVVc5RjSD/Popupular-Shopify-App?node-id=59-6,"Subscriptions  /  Subscribe , Figma, Shopify App Mockups","Mockup Designing",5
https://www.figma.com/proto/m4Rxw7wX3CDXGXn1ZRQTqg/Displayal-Shopify-App?node-id=667-4591,"Figma, Shopify App Mockups","Mockup Designing",5
https://www.figma.com/proto/oLeVEwIMnCybnBwdtNNZXw/Roadmap?node-id=96-2122&t=xMVGYqjBsoOHSv88-0&scaling=min-zoom&page-id=45%3A1230,"Figma, Shopify App Mockups","Mockup Designing",7
https://www.figma.com/proto/322A0vBhNvrlR9BhDXaLcv/Camel-Safari?node-id=959-662,"Ecommerce , Figma, Web Mockups","Mockup Designing",3
https://www.figma.com/proto/DkvvOrxlGf0RMsR57wgFl2/US-Fabric-Shop?node-id=349-994,"Clothing / Textile / Apparels / Clothes / T-shirts, Ecommerce , Figma, Web Mockups","Mockup Designing",5
https://www.figma.com/proto/5rGjsSpUhEJocdTq7fi1Ws/Dose-Hair-Loss?node-id=317-4226&starting-point-node-id=287%3A659,"Ecommerce , Figma, Quiz / Questionnaire, Web Mockups","Mockup Designing",5
https://pollor.co.uk/,"Ecommerce , Electronics, Machines / Industrial products, Website / Web App","Wordpress, Woocommerce",5
https://www.figma.com/proto/J94JGGwUPqdOsqrXSDiytl/SecureAZ?page-id=0%3A1&type=design&node-id=389-2601&viewport=-7949%2C-6954%2C1&t=1QbEh2luuoC0LS4m-1&scaling=min-zoom,SAAS,"Mockup Designing",4
https://www.rebump.cc/,"Landing Pages, Chrome / Browser / Safari extension",Wordpress,6
https://www.figma.com/proto/W2tJre2PObGoBKMnun8BrQ/Demofun-Chrome-Extension?type=design&node-id=513-1524&t=embegWIAho8Uy1fD-0&scaling=scale-down-width&page-id=28%3A54&starting-point-node-id=349%3A355&content-scaling=fixed,"Productivity, Figma, Browser Extension Mockups","Mockup Designing",6
https://westgaiotas.com/,"Membership , Events, Divi Theme, Dating / Social Networking, Elementor, Website / Web App","Wordpress, Woocommerce",3
https://www.thewestmoorclub.com/,"Membership , Parallax effect / Animations, Website / Web App",Webflow,7
https://play.google.com/store/apps/details?id=com.weather.lert.app&pli=1,"Maps / Google Map / GPS , Subscriptions  /  Subscribe , Web + Mobile Apps, Mobile Apps, Weather Forecasting","Android, iOS",6
https://apps.apple.com/us/app/autoscope-for-law-enforcement/id6503426996,"Automobiles / Automotive / Car Dealers, Maps / Google Map / GPS , Web + Mobile Apps, Mobile Apps",iOS,5
https://apps.apple.com/us/app/lil-beatz/id6471659112,"Music / Entertainment, Education/School, Web + Mobile Apps, Mobile Apps",iOS,7
https://apps.apple.com/us/app/cofit/id6468561955,"Maps / Google Map / GPS , Events, Web + Mobile Apps, Mobile Apps",iOS,5
https://mailaspresent.com/,"Books / Magazines, Ecommerce , Kids, Tools / Customisers / Personalisers, Website / Web App","Wordpress, Shopify",5
https://github.com/mernstackpro/flutter_codebase,"Wellness / Health & Fitness / Nutrition / Supplement, Mobile Apps, GitHub","Android, iOS, flutter",7
https://github.com/mernstackpro/reactnative_codebase,"Online Appointments Booking, Mobile Apps, GitHub","Android, iOS, React Native",7
https://github.com/mernstackpro/react_codebase,"Website / Web App, GitHub","React Js",7
https://github.com/mernstackpro/python_codebase,"Website / Web App, GitHub",Python,7
https://github.com/mernstackpro/node_codebase,"Website / Web App, GitHub","Node JS, AWS",7
https://technicallystable.com/,"Multicurrency, Ecommerce , Product Options, Website / Web App, Gamification",Shopify,6
https://bonfireclub.eu/,"Multicurrency, Ecommerce , Multilingual, Tools / Customisers / Personalisers, Product Options, Website / Web App",Shopify,6
https://www.figma.com/proto/u3Q5hJjWwnjFptLpII37hk/Imakai-2.0,"Ecommerce , Figma, Web Mockups","Mockup Designing",5
https://www.myhamlet.com/,"Landing Pages, Website / Web App","React Js, Next Js",7
https://sierra.ai/,"Landing Pages, Website / Web App","React Js, Next Js",7
https://www.arva-ai.com/,"Landing Pages, Website / Web App",Webflow,7
https://adcoach.app/,"Education/School, Web + Mobile Apps, Coaching / Online Courses / E-learning / EdTech , Mobile Apps, Website / Web App","Wordpress, iOS",7
https://www.mellon.org/,"Informational / Services, Parallax effect / Animations, Website / Web App","React Js, Next Js",7
https://scufgaming.com/,"Multicurrency, Ecommerce , Tools / Customisers / Personalisers, Electronics, Product Options, Website / Web App, Gamification","Magento, Magento 2",7
https://www.figma.com/proto/zziKnRTsjvFaZgC6OobFv7/My-Price-Pulse?node-id=1032-1067,"Figma, Browser Extension Mockups","Mockup Designing",5
https://www.figma.com/proto/RraDH0l5FF1g9bccnZVBwK/Triptop-Airline-Extension?node-id=281-8971,"Tour & Travel /  Itinerary, Figma, Browser Extension Mockups","Mockup Designing",6
https://www.easywork.net/,"Marketplace, Multilingual, Job Portal, Website / Web App","Yii, Yii2",5
https://www.figma.com/proto/3UEhqi7m4s3buFfyxFQk0K/Savoy-Jersey?page-id=735%3A1544&node-id=773-2819&node-type=frame&viewport=1162%2C3901%2C1&t=b16S7QvTs5dh4quV-1&scaling=min-zoom&content-scaling=fixed,"Hotel / Resort / Hotel booking / Room Booking / Table reservation , Figma, Web Mockups, Mobile Mockups","Mockup Designing",6
https://www.figma.com/proto/Hj2JkJPg5LmfUM2vdANIEA/Anyone-want-to-app?node-id=40-291&node-type=frame&t=OLZSNYqkSas28Qp3-0&scaling=scale-down&content-scaling=fixed&page-id=0%3A1&starting-point-node-id=40%3A291,"Sports / Athletes, Wellness / Health & Fitness / Nutrition / Supplement, Dating / Social Networking, Figma, Mobile Apps","Mockup Designing",6
https://www.figma.com/proto/2uhAeFLKucadVa9zdKavr6/Vish-Consulting-Services?node-id=669-12927&node-type=canvas&t=lqgap4hbna0Wm3aR-0&scaling=min-zoom&content-scaling=fixed&page-id=0%3A1,"Company / Corporate / Consulting Website / Firm, Figma, Web Mockups","Mockup Designing",5
https://secureaz.co.nz/,"SAAS, Online security / Fraud prevention, Website / Web App","Node JS, React Js",6
https://apps.apple.com/us/app/autoscope-for-law-enforcement/id6503426996,"Automobiles / Automotive / Car Dealers, Maps / Google Map / GPS , Web + Mobile Apps, Online security / Fraud prevention, Mobile Apps","Android, iOS",6
https://www.figma.com/proto/qOaZ40X883Q58843MgpBVA/Up-Close-Production,"Company / Corporate / Consulting Website / Firm, Music / Entertainment, Figma, Parallax effect / Animations, Web Mockups","Mockup Designing",7
https://secureaz.co.nz/,"Membership , Education/School, SAAS",Laravel,5
https://www.figma.com/proto/IOvwCF6LK8QfXDPrsprk6k/Usa-Mi-Plaza?node-id=229-7354&content-scaling=fixed&page-id=17%3A284,"Figma, Rental / Used products, Mobile Mockups","Mockup Designing",5
https://chromewebstore.google.com/detail/myanmar-pop-up-dictionary/cjgooncachcjgmhmmalnebjddmnacien,"Chrome / Browser / Safari extension","Chrome Extension",5
https://www.figma.com/proto/I7LbEusiZ339tD3mcSB1JT/More-Than-Cars?node-id=66-70,"Automobiles / Automotive / Car Dealers, Figma, Web Mockups","Mockup Designing",6
https://usfabricshop.com/,"Clothing / Textile / Apparels / Clothes / T-shirts, Ecommerce , Migrations, Website / Web App",Shopify,6
https://www.sitesafety.co/,"Company / Corporate / Consulting Website / Firm, One Page Checkout, Website / Web App",Webflow,6
https://workspace.google.com/u/0/marketplace/app/hiwriter_gpt_for_gmail/82954277386,"Chrome / Browser / Safari extension, AI integration / OpenAI / ChatGPT","Chrome Extension",7
https://www.figma.com/design/Z643XYnlTyZVoW6XV3MvtS/Everyland---react?node-id=0-1&node-type=canvas&t=pUYSBad7WIttykiN-0,"Real Estate / Property Rentals, SAAS, Figma","Mockup Designing",7
https://www.figma.com/proto/GG8YZCIcK7ckzF3sjnpapJ/Axiom-Rewards-App?page-id=0%3A1&node-id=4-2,"Rewards / Discounts / Coupons / Offers, Figma, Mobile Mockups","Mockup Designing",7
https://ucp.com.sa/,"Company / Corporate / Consulting Website / Firm, Informational / Services, Website / Web App",Wordpress,7
https://www.vishusa.com/,"Company / Corporate / Consulting Website / Firm, Website / Web App","Wix, React Js",6
https://www.nadaparties.com/,"Company / Corporate / Consulting Website / Firm, Events, Website / Web App",Webflow,7
https://www.morethancars.tv/,"Automobiles / Automotive / Car Dealers, Music / Entertainment, Website / Web App, Podcast",Webflow,7
https://www.lobbylog.com/,"Company / Corporate / Consulting Website / Firm, Medical / Pharmacy / Medicines, Website / Web App","Wix, React Js",6
https://www.forstepstyle.com/,"Ecommerce , Marketplace, Footwear / Boots, Website / Web App","Wordpress, Woocommerce",7
https://www.africabaie.com/en/,"Clothing / Textile / Apparels / Clothes / T-shirts, Jewellery , Books / Magazines, Art, Marketplace, Skin Care / Beauty, Footwear / Boots, Home decor / Interior decoration, Kitchenware / Crockery / Utensils / Knives, Website / Web App","Wordpress, Woocommerce",6
https://crownandcosalon.com/,"Company / Corporate / Consulting Website / Firm, Informational / Services, Website / Web App",Wordpress,3
https://nobl.ai/,"Job Portal, SAAS, AI integration / OpenAI / ChatGPT, Website / Web App","Wordpress, Node JS, React Js",7
https://www.elephantstock.com/,"Art, Ecommerce , Tools / Customisers / Personalisers, Poster / Canvas / Portrait, Website / Web App","Shopify, React Js",7
https://chromewebstore.google.com/detail/leadrpro/geafkcghclbonkgbalogklcbnagjpekp,"Chrome / Browser / Safari extension, Dating / Social Networking, AI integration / OpenAI / ChatGPT","Chrome Extension",3
https://www.linkdeal.ai/,"SAAS, Chrome / Browser / Safari extension, Dating / Social Networking, AI integration / OpenAI / ChatGPT, Website / Web App","Node JS, React Js",5
https://apps.apple.com/us/app/nexus-box-client-emergency/id6504289069,"Company / Corporate / Consulting Website / Firm, Mobile Apps","Android, iOS",5
https://www.ambertiles.com.au/,"Ecommerce , Online Appointments Booking, Home decor / Interior decoration, Product Options, Multistore, Comparison / Compare products, Store Locator, Website / Web App, Flooring / Tiles / Stones","Magento, Magento 2",6
https://apps.apple.com/us/app/single-apostolics-meet/id6526484879,"Community / Association , Landing Pages, Subscriptions  /  Subscribe , Web + Mobile Apps, Dating / Social Networking, Mobile Apps, Religious","Android, iOS",5
https://app.singleapostolicsmeet.com/,"Landing Pages, Dating / Social Networking, Website / Web App, Religious",HTML,3
https://keglerzonline.com/,"Ecommerce , Payment gateways, Migrations, Elementor, Footwear / Boots, Bags / Backpacks, Astra Theme, Website / Web App","Wordpress, Woocommerce",6
https://www.hotelsavoyjersey.com/,"Hotel / Resort / Hotel booking / Room Booking / Table reservation , Online Appointments Booking, Website / Web App","Wix, React Js",5
https://pledgehero.co/,"Crowd Funding, Pet / Dog / Cat, Elementor, Website / Web App","Wordpress, Woocommerce",5
https://microleasingltd.com/,"Informational / Services, Fintech / Finance / Financial , Request a quote / Multi-step Forms / Get a quote , Website / Web App","Node JS, React Js",4
https://jumpshot.sg/,"News / Media, Sports / Athletes, Informational / Services, Elementor, Astra Theme, Website / Web App",Wordpress,5
https://www.mcarthurdentalstudio.com/,"Medical / Pharmacy / Medicines, Website / Web App",Wix,5
https://theloveladders.com/,"Jewellery , Ecommerce , Product Options, Coach / Artist / Individual, Website / Web App",Bigcommerce,5
"https://posterprint.co.uk/ ","Art, Ecommerce , Wallpapers, Tools / Customisers / Personalisers, Home decor / Interior decoration, Poster / Canvas / Portrait, Website / Web App","Magento 2",5
https://thelandstoredevelopment.com/,"Real Estate / Property Rentals, Company / Corporate / Consulting Website / Firm, Plants / Environment / Agriculture, Request a quote / Multi-step Forms / Get a quote , Website / Web App",Vue.js,5
https://power.tenergy.com/,"Ecommerce , Electronics, Toys / Soft toys / Gifts / Gift card, Battery",Bigcommerce,4
"https://caps-gowns.com/ ","Clothing / Textile / Apparels / Clothes / T-shirts, Ecommerce , Tools / Customisers / Personalisers, Bundled products, Website / Web App","Magento 2",6
https://www.xtremenutrition.co.nz/,"Wellness / Health & Fitness / Nutrition / Supplement, Ecommerce , Bundled products, Website / Web App, Mega menu",Shopify,5
https://www.figma.com/design/kcJ70w3UEv91jOkyfj0dOs/Eco-Riders?node-id=450-5973&p=f,"Figma, Dashboard / Admin Portal / Software / Portal","Mockup Designing",6
https://www.hotelsavoyjersey.com/,"Hotel / Resort / Hotel booking / Room Booking / Table reservation , Tour & Travel /  Itinerary",Wix,6
https://www.figma.com/proto/Zd8LGkdyvLe1dWWuev7i38/3-i-Innovation?page-id=0%3A1&node-id=137-20,"Tour & Travel /  Itinerary, Education/School, Coaching / Online Courses / E-learning / EdTech , Figma","Mockup Designing",7
https://www.figma.com/proto/rwpyuigmOXStRdGTVcSfEd/Lootbloc?page-id=0%3A1&node-id=164-2,"Figma, Computers / Servers / Hardware Products / Game devices /  Computer parts","Mockup Designing",4
https://www.figma.com/proto/jx2hEDgllb82VXBqZyVVBO/Delorean?node-id=225-1092,"Company / Corporate / Consulting Website / Firm, Figma","Mockup Designing",5
https://www.figma.com/proto/OvnfxBLK9VxeJgCIL0fKRi/The-Preview-Channel?node-id=482-490&scaling=scale-down-width&content-scaling=fixed,"Music / Entertainment, Figma","Mockup Designing",4
https://www.figma.com/proto/Gj0iM6aHTfu3ZV6zM0oeYm/Landlord-Certificates-Hub?page-id=52%3A2&node-id=224-79,"Figma, Plumbing / Repair Services / Home services / Maintenance","Mockup Designing",7
https://www.thekosherbnb.com/,"Real Estate / Property Rentals, Hotel / Resort / Hotel booking / Room Booking / Table reservation , Tour & Travel /  Itinerary, Maps / Google Map / GPS , Multicurrency, Multilingual",Laravel,6
https://apps.shopify.com/forthcast,"Plugins / Apps / Extensions , AI integration / OpenAI / ChatGPT, Inventory Management /  Manage Inventory /  Manage Products /  Products stock alert",Shopify,5
https://whirli.com/,"Subscriptions  /  Subscribe , Ecommerce , Marketplace, Toys / Soft toys / Gifts / Gift card, Bundled products, Website / Web App, Children / Children Toys / Child Toy",Vue.js,6
https://www.figma.com/proto/7KHZDXe9sy071HTV5QUNkr/Shookra?node-id=950-1198,"Skin Care / Beauty, Figma","Mockup Designing",6
https://norwoodsawmills.com/,"Multicurrency, Ecommerce , Multilingual, Headless, Request a quote / Multi-step Forms / Get a quote , Machines / Industrial products, Website / Web App, Video /  Video on homepage , Product Search / Filter Search","Shopify, React Js, Shopify Plus",6
https://frontiersawmills.com/,"Multicurrency, Ecommerce , Multilingual, Request a quote / Multi-step Forms / Get a quote , Bundled products, Machines / Industrial products, Website / Web App, Video /  Video on homepage","Shopify, Shopify Plus",6
https://www.asotucon.com/,"Ecommerce , Website / Web App, Ticket / Ticket Selling / Events /  Conference",Webflow,7
https://www.theoneiota.com/,"Ecommerce , Website / Web App, Ticket / Ticket Selling / Events /  Conference","Wordpress, Woocommerce",6
https://www.asotu.com/,"News / Media, Ecommerce , Website / Web App, Podcast, Social Media Integration / Facebook Integration / Linkedin Integration / Instagram Integration / Tiktok Integration",Webflow,6
https://biginnovates.com/,"Company / Corporate / Consulting Website / Firm, Website / Web App",Wordpress,6
https://cubeser.co.uk/,"Ecommerce , Online Appointments Booking, Website / Web App, Plumbing / Repair Services / Home services / Maintenance",Shopify,5
https://www.figma.com/proto/k4jN4Jj114ZsjDjmVrsWm6/Qwik-codes?node-id=327-3746&node-type=canvas&t=2dlZOikANiUaHAFn-0&scaling=min-zoom,"Figma, Dashboard / Admin Portal / Software / Portal","Mockup Designing",5
https://www.advert.ink/,"Clothing / Textile / Apparels / Clothes / T-shirts, Ecommerce , Request a quote / Multi-step Forms / Get a quote , Website / Web App","React Js, Webflow",6
https://wordpress.org/plugins/credova-financial/,"Plugins / Apps / Extensions , Fintech / Finance / Financial , Pay later / Installments","Wordpress, Woocommerce",5
https://www.magiccitytnba.org/,"Ecommerce , Website / Web App","Wordpress, Woocommerce",4
https://apps.shopify.com/collab-promotion-ads?surface_intra_position=1&surface_type=partners&surface_version=redesign,"Plugins / Apps / Extensions , Marketing / Sales",Shopify,5
https://apps.shopify.com/seo-link-building-app?surface_intra_position=2&surface_type=partners&surface_version=redesign,"Plugins / Apps / Extensions , SEO /  SEO Improvement / Google Rank",Shopify,5
https://www.3-i-innovation.com/,"Company / Corporate / Consulting Website / Firm, Website / Web App",Webflow,6
https://cggprelive.co.uk/,"Headless, Website / Web App, Competition /  Prize giveaway","React Js",4
https://testlabfinder.com/,"Marketplace, SAAS, Online Calculators, Request a quote / Multi-step Forms / Get a quote , Website / Web App","Wordpress, Node JS, React Js",5
https://yloretravel.com/,"Tour & Travel /  Itinerary, Web + Mobile Apps, Mobile Apps, Website / Web App, Product Search / Filter Search","Wordpress, flutter, Woocommerce",6
https://phiber.shop/,"Wholesale / B2B, Ecommerce , Machines / Industrial products, Spare parts / Pumps / Accessories, Custom Product / Product Configurator / Product Creator / Custom Tool / Custom Functionality","Shopify, Shopify Plus",5
https://apps.shopify.com/ectaroship,"Plugins / Apps / Extensions , Rewards / Discounts / Coupons / Offers, Inventory Management /  Manage Inventory /  Manage Products /  Products stock alert",Shopify,6
https://apps.shopify.com/psi-data-integration,"Plugins / Apps / Extensions , Rewards / Discounts / Coupons / Offers, Promotion / Product Promotion",Shopify,5
https://www.figma.com/proto/aLrV9dWyrvsSWnOmloNDgL/Associations-Commons?node-id=102-1628&p=f&t=I8DV3HjeiqB543f2-0&scaling=min-zoom&content-scaling=fixed&page-id=0%3A1,"Community / Association , Blogging / Blogs, Events, Figma, Request a quote / Multi-step Forms / Get a quote , Web Mockups","Mockup Designing",6
https://www.figma.com/proto/WKPggKrQp8qmYrcluhSaQN/PropShare-LLC?page-id=294%3A164&node-id=389-983&viewport=-9760%2C232%2C0.25&t=qD2j3rfXOEVZF2KZ-1&scaling=min-zoom&content-scaling=fixed,"Real Estate / Property Rentals, Figma, Dashboard / Admin Portal / Software / Portal, Web Mockups","Mockup Designing",5
https://apps.apple.com/us/app/anyone-want-to/id6743783294,"Wellness / Health & Fitness / Nutrition / Supplement, Web + Mobile Apps, Dating / Social Networking, Mobile Apps, Activities / Activity / Dance","React Native",5
https://apps.apple.com/us/app/the-movers-and-shakers-dance/id6745867163,"Dating / Social Networking, Mobile Apps, Activities / Activity / Dance","React Native",6
https://apps.apple.com/us/app/autoscopesos-car-theft-alert/id6740322217,"Maps / Google Map / GPS , Mobile Apps, Vehicle Tracking / SOS / Car Safety / Live Location / Location Tracking","React Native",4
https://apps.apple.com/us/app/nexus-box-client-emergency/id6504289069,"Mobile Apps","React Native",4
